character_chosen,card_name,n,odds_ratio,odds_ratio_ci_low,odds_ratio_ci_high,was_picked_pvalue,was_picked_qvalue,pseudo_r2,auc
DEFECT,Concentrate,313,3.8769762729234376,1.5664856546533001,9.595328866345739,0.003382009379520532,0.01019191700395536,0.2916261502339387,0.8521586345381525
DEFECT,Burning Pact,378,3.4608800725920843,1.6677715370821777,7.1818535156322225,0.0008585789060797,0.0028718429975949002,0.2607124364648964,0.835571852340145
DEFECT,Night Terror,343,2.357926372615741,1.2728843587629226,4.367888363464722,0.006390193115506673,0.01817570937094964,0.25885828769749475,0.8385043206471778
DEFECT,Master of Strategy+1,1206,1.947547970416201,1.5067404259315091,2.517316872763509,3.562502515892644e-07,1.5667956609500124e-06,0.12593667050720392,0.7278177869227251
DEFECT,Glacier,431375,1.6048590120163984,1.5766188082732662,1.633605050843616,0.0,0.0,-inf,0.7584249727256038
DEFECT,Acrobatics,1278,1.554501968870117,1.0768452127327308,2.2440331652575503,0.018511602424928435,0.045835305446784894,0.25488165297309906,0.8360761404194117
DEFECT,Backflip,1312,1.53701705896832,1.105912616534814,2.1361736942308003,0.01048590965446023,0.028195163852973576,0.270331182110069,0.8422386173621127
DEFECT,Coolheaded+1,265829,1.4700301488761298,1.4423368632659106,1.498255153592628,0.0,0.0,0.179653311640545,0.7824364040206084
DEFECT,Biased Cognition,326735,1.45407889846928,1.4269626971188996,1.4817103819480293,0.0,0.0,0.0990630873309215,0.7126831186566449
DEFECT,Master of Strategy,13369,1.4494715176115596,1.3084917566900491,1.605640746015664,1.1592839041961216e-12,5.7730258995954846e-12,0.39009571559083667,0.8856574792126907
DEFECT,Defragment+1,85330,1.4379294921208985,1.3773565367140894,1.5011663060341394,1.8780546490003794e-61,1.6167284400890863e-60,0.17557982704329933,0.7741775812915821
DEFECT,Biased Cognition+1,21208,1.4367996757633055,1.352757350795168,1.5260632714803313,4.6578439782011073e-32,2.981288609678576e-31,0.08745121882361406,0.7007024386078375
DEFECT,Defragment,436294,1.4229171560657663,1.3935450985135172,1.4529082949565189,7.202639787059451e-241,1.7579190073691252e-239,0.15246873062329125,0.7638585680080995
DEFECT,Impatience,15779,1.4217369484897628,1.2896876657965737,1.5673065691083488,1.4939283170203364e-12,7.406283018085194e-12,0.3113409181289001,0.8464345952748338
DEFECT,Chill,434107,1.4073993338950082,1.382395787534576,1.4328551221793784,1.390046051459169e-305,4.677715576198204e-304,-inf,0.765951153182344
DEFECT,Heatsinks+1,83653,1.3771520009065026,1.3292478777929346,1.426782517606713,3.155701313406064e-70,2.90822100293563e-69,0.19528162838826402,0.7898497813792087
DEFECT,Coolheaded,1360634,1.3709435945674435,1.355634313885028,1.3864257641127422,0.0,0.0,0.10931476105969962,0.7240890689047452
DEFECT,Impatience+1,1975,1.3438386491049226,1.0718638848926498,1.6848242955858237,0.01042296017374371,0.028059872176830036,0.144011299698663,0.7406010151092365
DEFECT,Glacier+1,85283,1.3240692352535997,1.28246097575187,1.367027436228401,1.5422684584659622e-66,1.3701512985011608e-65,0.1756203931347311,0.7752246426687686
DEFECT,Skim+1,84910,1.3137526673485413,1.269459973324901,1.3595907765763597,7.862918647274113e-55,6.236979398427073e-54,0.18549060401863615,0.783859093467495
DEFECT,Seek+1,22333,1.3013169887516318,1.2271238349883735,1.3799959359681566,1.450201228794994e-18,8.107592488518823e-18,0.1040720946488417,0.7370184539003075
DEFECT,Thinking Ahead,14020,1.295726427938403,1.1625636691985664,1.4441419601692846,2.8362161927203083e-06,1.184066948126279e-05,0.41563219483078506,0.9010345891252384
DEFECT,Chill+1,84875,1.2714594652011137,1.2316046100178015,1.312604027705073,1.9635349646104813e-49,1.468353924713764e-48,0.1748536551369989,0.7750040992451562
DEFECT,Skim,431030,1.2703010818396558,1.2418588475758146,1.2993947272453499,2.9220936886361224e-95,3.120177924260013e-94,0.1604231170549646,0.7710306834091356
DEFECT,Secret Technique,13785,1.2656253035137495,1.1375707677037195,1.4080947351764768,1.5028765579874809e-05,6.003397185773732e-05,0.4237385106387982,0.9057940034950681
DEFECT,Seek,334376,1.2597272262041308,1.237126412772634,1.2827409293472138,6.568641439687668e-138,9.233514327560956e-137,-inf,0.7525473695048724
DEFECT,Apotheosis,15235,1.2553858705848555,1.1218537978777543,1.4048120058473321,7.374091059277182e-05,0.00027948560141048847,0.44132763244589124,0.9091573866168285
DEFECT,Fission+1,21630,1.238643640568373,1.1683582377018877,1.3131572310717432,6.946218883270235e-13,3.4825174130345805e-12,0.07957883334904914,0.6896518901133519
DEFECT,Reboot+1,22153,1.230154091044129,1.1567908030063225,1.308170054412454,4.043112471681123e-11,1.9146594455445146e-10,0.10290976785646189,0.7372853853547069
DEFECT,Consume+1,84750,1.2134641761161817,1.1742865569340721,1.2539488747634484,6.976723235269758e-31,4.4146160414627156e-30,0.183928301570628,0.7815397873475111
DEFECT,Deep Breath,16076,1.1846459651262395,1.073168986576768,1.3077027758381738,0.000778229288498912,0.0026188594693273993,0.3326783989845219,0.8579964173569443
DEFECT,Fission,326459,1.1766370252381333,1.1520429870565474,1.2017561017393594,1.8119211244440495e-51,1.3924833278166899e-50,0.10432413658353445,0.7177995161132066
DEFECT,Hologram,1360157,1.1732725321416306,1.1569769547928113,1.1897976264570855,4.606840287975588e-111,5.530698529510152e-110,-inf,0.7710761159711801
DEFECT,Buffer+1,21450,1.1710304371418703,1.1028384529513775,1.243438947057769,2.4996695910976397e-07,1.1103532323655715e-06,0.08609805010328575,0.6979474466519728
DEFECT,Force Field+1,84572,1.1666551104541312,1.1272530241571617,1.2074344602148332,1.4528688925846429e-18,8.107592488518823e-18,0.18391349114273736,0.7826246961606149
DEFECT,Finesse,18000,1.1663814097438918,1.0765258007261458,1.26373709954605,0.00016804179300366264,0.0006189400037498088,0.3387302286869597,0.8621675332838927
DEFECT,Reboot,330902,1.1647570725445024,1.1418319344218928,1.188142490277532,4.187566921468348e-51,3.2070986664073103e-50,0.10139432625406397,0.7168231643378152
DEFECT,Recycle,363233,1.1468895992164998,1.110529751428165,1.1844399045585299,7.556713010972166e-17,4.1237001467737544e-16,0.16402612601158162,0.775868792432574
DEFECT,Recycle+1,68559,1.135810399768911,1.086737526442076,1.1870992146989001,1.5929340161724208e-08,7.220217244732543e-08,0.1806611283706988,0.7798615846325921
DEFECT,Cold Snap,1368541,1.132537034181873,1.1198519672772453,1.1453657905446406,5.240669350105007e-104,5.999755993084134e-103,0.10592331206973227,0.7204337874388247
DEFECT,Echo Form,314944,1.1304895055403996,1.1089390693827543,1.1524587395485375,8.485161414912692e-36,5.728128724170544e-35,0.10248116972300692,0.7163519246689664
DEFECT,Storm+1,84668,1.1265276549014567,1.0927699098959514,1.1613282409822305,1.6528127374302553e-14,8.596948688132545e-14,-inf,0.7695602760481244
DEFECT,Blizzard+1,83468,1.126063944039926,1.0837066435655835,1.1700768040830194,1.2847435095898536e-09,5.895486228923688e-09,0.19513415657428435,0.7912210708634836
DEFECT,Hologram+1,265809,1.125273167969448,1.1033730294610342,1.1476079881801347,5.574323259572711e-32,3.5474418222094533e-31,0.18084324542366204,0.7817915641194717
DEFECT,Heatsinks,431291,1.1251060215704893,1.0993656705496118,1.1514490525625787,1.8174719123979072e-23,1.0707175377813667e-22,-inf,0.7721582790477042
DEFECT,Steam Power+1,83910,1.1222792952757195,1.0709140195338902,1.1761082529788534,1.3914489676450336e-06,5.960325192189179e-06,0.18482422487597017,0.7837696757249775
DEFECT,Turbo,1215430,0.8988085991841782,0.8837100026852057,0.9141651622282234,5.33539743846219e-35,3.5372888689028425e-34,0.11231309297803416,0.7287579727871885
DEFECT,FTL+1,83207,0.8965443751695049,0.8662277898185781,0.9279219924546908,4.902482789104934e-10,2.2826864307341837e-09,0.19030558755804128,0.787370987637618
DEFECT,Static Discharge+1,84181,0.8913570670398449,0.8630169325121455,0.920627847531477,3.026490405754661e-12,1.4773264156441982e-11,0.18860987500266702,0.7841689662967974
DEFECT,Scrape+1,83179,0.8911994239807962,0.8512506777753013,0.9330229438165006,8.536077615406523e-07,3.7028571062144313e-06,0.19467795008708177,0.7897272091652877
DEFECT,Creative AI,329083,0.8859679819261767,0.8696807371727192,0.9025602516506612,1.88059283402429e-37,1.2971418274434622e-36,0.10956655581506347,0.7255073057505756
DEFECT,Loop,434340,0.8853641852039714,0.869140897635825,0.9018902948579669,4.292680435817251e-38,2.9887282908934524e-37,0.16648645048496136,0.7764308484927691
DEFECT,Amplify,324689,0.8834241175188788,0.8649477424306178,0.9022951712907825,1.416745529022199e-30,8.913857846907376e-30,0.10397883120190443,0.7201818456935843
DEFECT,Discovery,14007,0.8829793011868025,0.8089917192986512,0.9637335311667309,0.00531507198670028,0.015370800628204846,0.2630998171918648,0.8187625399928998
DEFECT,Amplify+1,21472,0.8793440518209513,0.8249267446701037,0.9373510635566998,7.981455128669066e-05,0.00030096454738156187,0.10250177841407504,0.7360010552932195
DEFECT,Chaos+1,84533,0.8753976489057003,0.8473742039498606,0.90434785498258,1.08729583968155e-15,5.8050097594536595e-15,0.18463558207424713,0.7823085398044477
DEFECT,Scrape,431683,0.8567374982258081,0.8315973370297529,0.8826376759308401,2.552800349811322e-24,1.5241316067018674e-23,0.1647333099496705,0.7734240219593768
DEFECT,BootSequence+1,84592,0.8554017946754381,0.8281769181197493,0.8835216417226439,2.9579618955250715e-21,1.7019775569847627e-20,0.17918360218794682,0.7784938517917614
DEFECT,Steam,1360556,0.8509712182986594,0.8371679719491496,0.8650020529173927,2.4312786268894857e-83,2.3683639606673457e-82,0.11072613586791102,0.7253434596524296
DEFECT,Barrage+1,261471,0.8503081633468239,0.8317255024574552,0.8693060036249559,6.578569761051403e-47,4.8703344797650554e-46,0.19149445812520993,0.7889054904184978
DEFECT,Tempest+1,85177,0.8475838165835651,0.819712517692448,0.8764027761302309,3.2149030700741163e-22,1.8643080205312306e-21,0.18213662524525798,0.7810302345055276
DEFECT,Bandage Up,15339,0.8352939504833408,0.7706187977638513,0.9053970468131172,1.2035180243641709e-05,4.816240598401484e-05,0.26608371881200876,0.8203590291949274
DEFECT,Gash,1369807,0.8298169896396371,0.8200257414675365,0.8397251469963155,2.286926582862756e-208,4.837394229083982e-207,0.16085475797464477,0.771479092611397
DEFECT,Conserve Battery,1363188,0.8291126875317216,0.8201761365309833,0.8381466102313324,8.484383374964857e-252,2.2980262775362128e-250,0.10898156710556872,0.7229162185937135
DEFECT,Steam+1,264336,0.826079610788447,0.8074011726056705,0.8451901564102331,2.9383235322464754e-60,2.4626477604224232e-59,0.18228942254419067,0.7813083593451218
DEFECT,Double Energy,430659,0.8246478524167081,0.8071004880417555,0.8425767182293,4.256119684649416e-69,3.816500186633335e-68,0.16483550123107316,0.7748494556658403
DEFECT,Conserve Battery+1,266016,0.8158412639176418,0.8009552515110301,0.8310039376794935,4.5624942218563956e-104,5.250414335100029e-103,0.1800749964416748,0.7793055389328606
DEFECT,Gash+1,261630,0.8156055386399741,0.8000095344366915,0.8315055834035732,4.158370582701589e-95,4.419014863244129e-94,0.09821820850381013,0.7127391774821759
DEFECT,Transmutation,11871,0.8139194288455212,0.7156546417695737,0.9256767133014973,0.0017101814268275415,0.005465198487746719,0.41440929323358655,0.9008990102294188
DEFECT,Ball Lightning,1365258,0.8119426216776673,0.8031893664393147,0.8207912709544237,1.5432030704431e-310,5.355396905397005e-309,0.10907929978375475,0.7212899493940829
DEFECT,Rainbow,328035,0.8107102827886841,0.7949532042403039,0.8267796885571516,1.701386824783787e-97,1.852343204825878e-96,0.10051402963872058,0.714820801159035
DEFECT,Genetic Algorithm+1,84663,0.8042505675764136,0.7728689020223943,0.8369064582032327,7.566952616280092e-27,4.604438838563859e-26,0.18424691692673234,0.7817881478259412
DEFECT,Jack Of All Trades,14079,0.8014331100712458,0.7248319809460909,0.8861295400902574,1.5708019645855387e-05,6.263467079613072e-05,0.27724774010107056,0.8281973241381928
DEFECT,Sunder,386313,0.7980593591883763,0.7802169465933184,0.8163098014841507,3.884748203038151e-85,3.8517972138159525e-84,0.16006273883738986,0.7695843016891502
DEFECT,Metamorphosis,12619,0.7968986082055379,0.7078171297131328,0.8971913296550174,0.0001742642854367188,0.0006376292882289167,0.4107625456010723,0.9000156997655631
DEFECT,Barrage,1362765,0.7958347276337555,0.782990280541448,0.8088898795396565,1.4202355808691865e-166,2.253102303650331e-165,0.1131042699174819,0.7273654495786951
DEFECT,Stack+1,264304,0.7948976748995783,0.7768756320531485,0.8133377949966746,1.0929852081449435e-85,1.0885740570806813e-84,0.18302377143318782,0.7818801117330751
DEFECT,Static Discharge,434227,0.7912206860976293,0.7761746577807848,0.8065583793971448,2.648442608724542e-126,3.460112372927769e-125,0.16339220710373037,0.7732408847739156
DEFECT,Enlightenment,13388,0.7876209464194904,0.7228215972448421,0.8582294131820236,5.033189976840863e-08,2.2720965322283652e-07,0.2376237174932414,0.8039595834240197
DEFECT,Rainbow+1,21471,0.7871999090672452,0.7393769891150211,0.838116016536022,7.286816370285735e-14,3.72903667244346e-13,0.10326555318221886,0.7368341434943613
DEFECT,Tempest,432265,0.7823127733144852,0.7649216266447791,0.8000993225613338,1.2452945822248197e-101,1.4111220750619003e-100,-inf,0.7723363798768712
DEFECT,Fusion+1,84052,0.7804131716553698,0.7542714366305434,0.807460933710944,3.7524668534104986e-46,2.741522658363394e-45,-inf,0.7814873016979292
DEFECT,Beam Cell+1,263171,0.7794680581699304,0.7627522670103026,0.7965501775414524,2.3465690148611597e-112,2.8479397715883255e-111,0.19143303652309185,0.788334999739215
DEFECT,Leap,1359766,0.7780862330738519,0.7675199767043068,0.7887979524633257,2.613434985802061e-283,8.061720977036635e-282,-inf,0.7714253838634713
DEFECT,Good Instincts,14321,0.7779053603898831,0.7017431036948993,0.862333732297585,1.7762364928698453e-06,7.557511974451966e-06,0.2878727819278125,0.833767068605395
DEFECT,Beam Cell,1366623,0.7755056655805841,0.7644822884840797,0.7866879931778943,1.956610331490338e-265,5.643677332779273e-264,-inf,0.773608908266086
DEFECT,Aggregate+1,84571,0.7665405759594585,0.7351037086343648,0.7993218476394852,1.5141512652154494e-35,1.0190696848616708e-34,0.18954400580321418,0.7859922323980133
DEFECT,Thunder Strike+1,20359,0.7664184307178898,0.7166477667163534,0.8196456309847995,8.13423651082287e-15,4.2508563036559046e-14,0.1076418166111569,0.7405419035526101
DEFECT,Sadistic Nature,12331,0.7642125908775274,0.6626971600222329,0.8812786884980006,0.0002173990826802464,0.0007876726959752485,0.4101589211692235,0.9005895508777991
DEFECT,Thunder Strike,326967,0.7638278068827279,0.748654150917749,0.7793090011617083,1.2540804829874684e-152,1.8693374179296423e-151,0.10879981054849874,0.7241362219380236
DEFECT,Multi-Cast+1,21461,0.7614329478973032,0.7123369284755836,0.8139127861647147,1.1032809266361315e-15,5.87622766920587e-15,0.08857606328615286,0.7017830599429659
DEFECT,Redo+1,266397,0.7561569401205388,0.7421116161984767,0.7704680881043321,1.1355983841295212e-187,2.1374271280946327e-186,0.18671373112578293,0.7847501062800453
DEFECT,Forethought,15849,0.7551147149970744,0.6667310874771486,0.8552147087706565,9.756490772809656e-06,3.932698004793148e-05,0.33087452480158,0.8580976928824646
DEFECT,Stack,1356240,0.7496387505815021,0.7358957536612848,0.7636384006532145,1.2384126817984895e-204,2.5234078589673806e-203,-inf,0.77129123185146
DEFECT,Enlightenment+1,1959,0.7493778510802642,0.6093472196528721,0.9215881283738089,0.006263323481087819,0.01788025893508489,0.14048720291733374,0.7363934184468883
DEFECT,Chrysalis,11545,0.7437814940215374,0.6610306563502817,0.8368914596235646,8.705050709027139e-07,3.7641549011011896e-06,0.3911093090488732,0.8910334912943934
DEFECT,Sweeping Beam,1363547,0.7436430672312092,0.7326338804548906,0.7548176875162821,0.0,0.0,0.16292287392966132,0.7732846695351768
DEFECT,Good Instincts+1,2041,0.7427577851806566,0.6040261762889524,0.9133530120101269,0.004815228423446726,0.014146325831316373,0.11923375068210496,0.7199638663053296
DEFECT,Sunder+1,73556,0.7382118485118795,0.709687908352366,0.7678822294556421,1.7001694393850254e-51,1.3111376128035214e-50,0.19151649953294214,0.7876957306581764
DEFECT,The Bomb,12306,0.7360860853668925,0.6566128265857997,0.8251784051921138,1.4695841916521504e-07,6.593831292241265e-07,0.40740564567131254,0.8983144604573297
DEFECT,Sweeping Beam+1,261384,0.7344245338060161,0.7179756130836676,0.751250301579991,3.8084775555002774e-157,5.754169150181032e-156,0.10065945555767997,0.7154461121588733
DEFECT,Chaos,433293,0.7330677014247693,0.7169119742472126,0.7495875005246979,3.229601783155152e-164,5.01604584642489e-163,-inf,0.7775466213965672
DEFECT,Doom and Gloom,433173,0.7326406909358294,0.7170698057946466,0.7485496916441725,3.212638977842079e-177,5.662913626815283e-176,0.15903911904877976,0.7713341869546302
DEFECT,Leap+1,265713,0.732635290629987,0.718214373937261,0.7473457627059038,1.3411538512028458e-206,2.810096890114642e-205,0.1816495101738148,0.7828179546962768
DEFECT,Lockon+1,83112,0.731582188187111,0.7060440122155197,0.7580441003857249,1.3259998319537074e-66,1.1827492476984676e-65,0.1947261461637021,0.7904139819906855
DEFECT,Auto Shields,433476,0.7283733175834217,0.7123447245432218,0.7447625727946136,1.6764690050167404e-171,2.758101970475689e-170,0.16170075700785036,0.7721466978936604
DEFECT,Mind Blast,13639,0.7283593243160247,0.6572948047885614,0.8071071024039961,1.4373446880358312e-09,6.582149592015631e-09,0.27295818741985134,0.8262950800103651
DEFECT,Trip,16400,0.7191268516100316,0.649092933108477,0.7967170836847349,2.84362560057388e-10,1.329619465026229e-09,0.3278022468852566,0.8560754726354245
DEFECT,Lockon,432217,0.7181602588657802,0.7023305890484692,0.7343467100200177,2.5074606130588638e-186,4.6798907744569216e-185,-inf,0.7715357484655647
DEFECT,Auto Shields+1,84490,0.7100952229567659,0.6853045969846856,0.7357826401349634,1.5858754645020788e-79,1.5116864406262306e-78,0.18473616155567274,0.7822296493145267
DEFECT,Ball Lightning+1,263061,0.6995245492187206,0.6866210040916428,0.7126705883502847,1.061077552665916e-309,3.6256203761092307e-308,0.10057683236155568,0.7150534256398225
DEFECT,Hyperbeam+1,15788,0.699125580908605,0.6259019353461627,0.7809155880153504,2.286441203622155e-10,1.0713472390811828e-09,0.10201399972794689,0.7374000447974127
DEFECT,Swift Strike,13663,0.693596895362913,0.6118411462927822,0.786277052748041,1.0809265131819077e-08,4.91954464298569e-08,0.2788025837597232,0.8268049664899622
DEFECT,Doom and Gloom+1,83050,0.6732938387897708,0.6483892430237412,0.6991550187325779,5.060165789368646e-94,5.326364084449177e-93,0.19665447148526938,0.7913205567940039
DEFECT,Rebound+1,244525,0.6659579840652458,0.6474008443883583,0.6850470467940915,6.977067486789349e-175,1.192005145243011e-173,0.1930053757963327,0.7898341398435129
DEFECT,Hyperbeam,261450,0.6649781587332549,0.6404174348563052,0.6904808138015301,3.400617716564701e-100,3.814531287116263e-99,0.10695019179607446,0.7228164574939894
DEFECT,Darkness+1,84498,0.6639762721337354,0.6405682737450188,0.6882396584819005,9.030547407886936e-111,1.07832504262994e-109,0.19193318938055903,0.7876669878284628
DEFECT,Multi-Cast,323822,0.6621666671349677,0.6458885936480576,0.6788549904374827,3.74441253768633e-231,8.486061475715652e-230,0.12752525063991227,0.7690374078900215
DEFECT,Rebound,1282659,0.6584913893509843,0.6456129260198518,0.6716267478139937,0.0,0.0,0.16614772266778033,0.775548134189354
DEFECT,Streamline+1,262596,0.6583675474320757,0.6432320044844828,0.6738592366204049,8.40961997826309e-272,2.5240224286111247e-270,0.19382885756818213,0.7902558587445232
DEFECT,Sadistic Nature+1,926,0.6560712020162757,0.47543922522268944,0.9053300596169224,0.010309303081253489,0.027821339177963547,0.1341668913828502,0.732170162806001
DEFECT,Streamline,1366792,0.6541284170425303,0.6441920001525702,0.6642180993884224,0.0,0.0,-inf,0.7754449502761184
DEFECT,Aggregate,430670,0.6423166652442345,0.6209818749541757,0.6643844451674519,1.7228385370606926e-145,2.5009309743867962e-144,-inf,0.7734465769233604
DEFECT,Redo,1361211,0.6419460135756809,0.6330506091725238,0.6509664130714092,0.0,0.0,0.11521106018004657,0.7308725360013458
DEFECT,Reprogram+1,84000,0.6407359109762156,0.5966053573768462,0.6881307761291213,2.2624375701250735e-34,1.4910604876106196e-33,-inf,0.779524074807727
DEFECT,Melter,432947,0.6330120486554862,0.6198201636110876,0.6464847019633934,0.0,0.0,0.16876000085451115,0.7764758449558842
DEFECT,Darkness,433159,0.6216095485949116,0.6066106294921855,0.6369793276254277,0.0,0.0,-inf,0.7780446978829942
DEFECT,Dramatic Entrance,17519,0.6179262398822815,0.561560524602328,0.6799495712513836,5.954780006412289e-23,3.4804122090109717e-22,0.36052006961064675,0.873998740912896
DEFECT,Chrysalis+1,1046,0.6133201459430085,0.46764556644046834,0.8043732869804487,0.00041031163073481324,0.0014419337529462345,0.09417641644184438,0.7015737411719865
DEFECT,Rip and Tear,435526,0.6128819031992178,0.5934048471037207,0.6329982458054311,5.351587082668004e-194,1.0158867444962084e-192,0.16269795451505764,0.7743254049240307
DEFECT,Forethought+1,1999,0.6002996243680079,0.4635862829513819,0.7773302452397275,0.00010871015421932249,0.0004064734890927866,0.13298542892794385,0.7325969015612757
DEFECT,Mind Blast+1,1710,0.5994855799672967,0.4843881640862812,0.7419317548079298,2.547786074447921e-06,1.0676665794997797e-05,0.1233788339699643,0.7262056475954121
DEFECT,The Bomb+1,1016,0.5975787030972698,0.45687628223838167,0.7816127040910668,0.0001707617792918497,0.0006258447389557726,0.09422195505900821,0.6913402431561181
DEFECT,Fusion,431482,0.5943434508961699,0.5786382294087323,0.6104749386920424,0.0,0.0,0.16815454584376088,0.7805086588738936
DEFECT,HandOfGreed+1,882,0.5942454895424797,0.4215942424268221,0.8376008643023043,0.002960022533839901,0.009030508307223104,0.11295569758736834,0.7141899863393634
DEFECT,Metamorphosis+1,1058,0.5939909912235642,0.4502483269092561,0.783623783961026,0.000228885021924578,0.0008265912742999801,0.1316709683932813,0.7324414051210912
DEFECT,Melter+1,83595,0.5939266608052641,0.5725715613178427,0.6160782376326848,3.9228968057566737e-171,6.406436621754097e-170,0.2003456376992856,0.7943736030771962
DEFECT,HandOfGreed,13876,0.5928242258481887,0.5110236515432781,0.6877187810997846,5.137684876313531e-12,2.4914406354350117e-11,0.4512213710368036,0.9164407135630697
DEFECT,Flying Knee,1248,0.5900205597674083,0.3822923454228083,0.9106231529779305,0.01718099358247373,0.043068833799857965,0.25323064555686403,0.8317747701282302
DEFECT,Flying Knee+1,728,0.5879657325625988,0.3776859958682047,0.9153204155033279,0.01868384129432645,0.04621025781146887,0.27843254258890093,0.8369561722241873
DEFECT,Rip and Tear+1,83314,0.5878898639565718,0.5595366776697581,0.6176797803179227,1.7321918618715837e-98,1.9140289180183024e-97,0.1954628099495923,0.7907930034923412
DEFECT,Quick Slash+1,681,0.5592916703035477,0.36291849758858546,0.8619212703386071,0.008454770883040917,0.02335577877019139,0.2606373716930338,0.8225541133323745
DEFECT,Consecrate+1,701,0.5550180179078,0.3778358947357349,0.8152878127626152,0.002692517586957071,0.008294149182568177,0.24861222370270686,0.8208269016913144
DEFECT,Reprogram,430016,0.5521393598290865,0.5209604165370632,0.5851843307000748,3.168313411972593e-89,3.2427760774152666e-88,0.16094432525483882,0.7750734721084603
DEFECT,Flex,1257,0.5486313750934056,0.34565512192835,0.8707997267845318,0.01086899436802161,0.029084381314910836,0.2360422066922837,0.8240665273423895
DEFECT,Protect,1307,0.53254708771298,0.35851545724593087,0.7910576654356939,0.0018029437195327444,0.005745104736129447,0.22031558102553384,0.808985342019544
DEFECT,Cleave,1307,0.5309610337529012,0.32133543668773895,0.8773374709926803,0.013485289982774795,0.03486708853520701,0.25267407296893285,0.830103877895676
DEFECT,Iron Wave,1283,0.527145476478096,0.31799700335835984,0.8738521131853728,0.013033237848804205,0.03385593130081186,0.16602560213901596,0.8057639633202334
DEFECT,Reaper,383,0.5266337856344664,0.3065674724601064,0.9046724427288344,0.02018642316328675,0.04932238266849271,0.16475636469527843,0.7743107769423558
DEFECT,Dagger Spray+1,663,0.5248629234139335,0.3125974561820326,0.881264651796148,0.014768307035414895,0.03778849069776092,0.23191160624352625,0.8122346347630819
DEFECT,Consecrate,1234,0.5045629787232032,0.3467177890878211,0.734268063279405,0.0003521444843604196,0.0012473889948396999,0.24920170128783214,0.8311856818067385
DEFECT,PathToVictory,1212,0.4973304890427488,0.308767788972153,0.8010473377253947,0.004077389969198272,0.01204239776807096,0.22755838220638402,0.8177954203150128
DEFECT,Flex+1,707,0.48831046265079536,0.3164237711640208,0.7535688834535533,0.0012033011043122647,0.003936178783726175,0.21657235000411645,0.7985930021455685
DEFECT,BattleHymn,431,0.48687670526122884,0.269678474252648,0.8790057374173308,0.016948990559453748,0.04258338012731536,0.17614826980075005,0.7753132832080201
DEFECT,CutThroughFate,1216,0.47634775733428647,0.29526252349706195,0.7684930116763097,0.0023733145266014197,0.007413687149904012,0.2500860364808829,0.8280239859259683
DEFECT,FlyingSleeves+1,675,0.4751173078323002,0.2756349254779116,0.8189689888188805,0.00738753635555077,0.02063863930273995,0.2273284386789085,0.8050828009106266
DEFECT,Double Tap,385,0.4652011797590871,0.24746098264618013,0.8745303414505254,0.017489443740412683,0.043743304670559195,0.16799827525440114,0.7707931443834397
DEFECT,Deadly Poison+1,746,0.45715696041401016,0.2773782435069596,0.7534566655720173,0.002137571968983771,0.006743675203285448,0.26467044276042995,0.8290998217468808
DEFECT,BowlingBash+1,668,0.4486346111740719,0.27823138840161116,0.72340153819304,0.0010079564189957447,0.0033313559621868287,0.2688059797886151,0.832443728995453
DEFECT,Blade Dance,1271,0.44678879718228576,0.23997961599819695,0.8318216047528532,0.011065298973951697,0.02950553406682755,0.264500543282258,0.8373096446700508
DEFECT,Cloak And Dagger+1,560,0.44250224161659957,0.25551017293592915,0.7663422226433844,0.0036173562461362524,0.010856957057660292,0.18827043320738146,0.7811432932953039
DEFECT,DeceiveReality,383,0.4321056943553828,0.22618474888813306,0.8254992081128052,0.011066235874681382,0.02950553406682755,0.16479579224339314,0.7745343444010897
DEFECT,Iron Wave+1,646,0.42061044797397185,0.25794321681189647,0.6858608306566872,0.0005176693510659027,0.0017853161936605122,0.22604726217981552,0.8073184385973842
DEFECT,Swivel,383,0.4154450156204958,0.20095292613955532,0.8588805563550372,0.01776428159742067,0.044181936649351966,0.26453681673445917,0.8300274066461116
DEFECT,EmptyBody+1,647,0.3946452733487513,0.19421932800312902,0.8019021246639341,0.010162249367940527,0.02752482420267794,0.23818688620519335,0.8138061689657214
DEFECT,FlyingSleeves,1188,0.36218678844155283,0.17837434721349663,0.7354155559408855,0.004948166881225688,0.014460366635792438,0.2544985818018919,0.8344675661072972
DEFECT,ReachHeaven,452,0.36034744597306034,0.16336189389749176,0.7948627352520019,0.011446419881294778,0.030300951795418,0.3222039271952605,0.8622041527515608
DEFECT,Cleave+1,726,0.36020299447217735,0.22257441346430418,0.5829340183683411,3.2219332257727575e-05,0.00012598439602889603,0.24367383858440728,0.8223170201840659
DEFECT,Predator+1,225,0.35921669392353256,0.16627845135603161,0.7760273934537832,0.009182680448379369,0.02517868305660565,0.2492895048502325,0.813782991202346
DEFECT,Twin Strike,1251,0.354456185913071,0.16644152067036394,0.7548548416645925,0.007164021365776349,0.02017227958099508,0.25480379548241383,0.8303280655445479
DEFECT,FlurryOfBlows+1,652,0.34719428136783964,0.14742669106631004,0.817652951054243,0.015494156776059071,0.03950921033252262,0.22766610686532618,0.8052945781953416
DEFECT,Noxious Fumes+1,204,0.3436863286787944,0.17187579965894964,0.6872421408662097,0.0025209955999266134,0.007798232907293884,0.27515609160350973,0.8314484126984127
DEFECT,CrushJoints,1266,0.3349126243223586,0.17709889157691244,0.6333549856339807,0.0007657487680771941,0.0025846930302423224,0.24937580153225958,0.8338584897347785
DEFECT,Caltrops+1,221,0.3298221178864878,0.16693044346786123,0.6516644129569569,0.0014106207454311615,0.004587099085801771,0.30684240803731067,0.8478333333333334
DEFECT,Poisoned Stab+1,708,0.30641095542654806,0.17377130973146823,0.5402944464796647,4.3630082989227755e-05,0.0001685259379462171,0.2939836622779717,0.8441741452199066
DEFECT,Deadly Poison,1351,0.287286557795973,0.15132951617101462,0.5453897453619645,0.0001369410427191962,0.0005086054446142721,0.26431365439197974,0.8403782510925368
DEFECT,WreathOfFlame+1,213,0.2653568080719623,0.09475538942848617,0.7431158904505725,0.011567948408715431,0.030549837593052284,0.22164534081263387,0.8028528244851691
DEFECT,FlurryOfBlows,1311,0.2619007224685465,0.08706562388207287,0.7878194099022584,0.017107337818881616,0.04293265231156618,0.21592436613414379,0.8135701161595714
DEFECT,Blade Dance+1,632,0.23878510002759903,0.12613167428818026,0.4520539691316351,1.0919429760412602e-05,4.38554312800658e-05,0.2564915426859169,0.8252704887451809
DEFECT,FearNoEvil,402,0.15872664665512679,0.035173347594351284,0.7162852011967028,0.016667317323249862,0.042041133943897566,0.2796722719082704,0.859258960284146
DEFECT,All Out Attack,399,0.139628058251743,0.042650475388496055,0.45711084046699074,0.0011390599716667126,0.0037479291808470644,0.2906944668190926,0.8508908325234855
DEFECT,EmptyFist,1299,0.11364056251069553,0.024904870445262167,0.5185402379880298,0.004986217252760894,0.014533318265593103,0.2647555248036877,0.836835008336267
DEFECT,Pummel+1,220,0.11299476381438008,0.02452308570155876,0.520644783647923,0.0051529249563892834,0.01496032199756941,0.2354845551161333,0.8086736842105263
DEFECT,Wild Strike+1,541,0.0909150260695118,0.020199454117903762,0.4091963038691158,0.0017828077166047488,0.0056891033600275105,0.2123303575611647,0.7974174366747311
IRONCLAD,Master of Strategy+1,1749,1.860989571575591,1.5023183270886715,2.305291843323621,1.3010751231913674e-08,5.909382103492897e-08,0.11781111870253991,0.7200960646668607
IRONCLAD,Offering+1,31711,1.849280696465031,1.7611673210825527,1.941802492801244,1.6637518011773983e-134,2.266989417432516e-133,0.09848780684380876,0.7170821958495233
IRONCLAD,Expertise,689,1.8354608135217716,1.101701379340771,3.05792155764557,0.019707736448504157,0.048365616190196394,0.19908580931847775,0.7906861629494766
IRONCLAD,Master of Strategy,21161,1.7302051516051624,1.5915317542385872,1.8809614440104159,7.364947299404526e-38,5.111733734992955e-37,0.4296277249352115,0.9009582871109921
IRONCLAD,Offering,491777,1.682160164763359,1.6580204145974866,1.7066513747381338,0.0,0.0,0.10638045310349575,0.7195849490672883
IRONCLAD,Malaise,668,1.6663059767212065,1.0839857826769737,2.561450207584715,0.019934530251110704,0.048814323801231393,0.13350909914795817,0.7505416228991597
IRONCLAD,Secret Technique+1,1541,1.5468389592928675,1.2442249176031979,1.9230532455461666,8.592649491213184e-05,0.0003229149664971993,0.09391587556734715,0.6935668182360053
IRONCLAD,Battle Trance,626884,1.474600940752224,1.452998252671445,1.4965248103151263,0.0,0.0,0.14597119753610788,0.7560073712441673
IRONCLAD,Shockwave,624889,1.466038677654591,1.4436165706579562,1.4888090425559817,0.0,0.0,0.14636882402252827,0.7555804430225814
IRONCLAD,Impatience+1,2848,1.4601287619976264,1.1701140276674837,1.8220241371369783,0.0008064547730621585,0.0027097368395931224,0.12344158485648626,0.7239224116556082
IRONCLAD,Deep Breath+1,2995,1.4431952376606427,1.2146826753424285,1.7146967980087455,3.0289291558946264e-05,0.00011885603631169549,0.13090105390525297,0.7343685143275835
IRONCLAD,Corruption,474500,1.4109324630443292,1.3840782727977423,1.4383076841805507,4.478117055893894e-270,1.3086707869921498e-268,0.10339778559525903,0.7165482809182482
IRONCLAD,Battle Trance+1,121963,1.3531575136835896,1.3178287802549904,1.3894333499713536,3.39099063242829e-111,4.0931468449039305e-110,0.1754006060875285,0.7743684319638013
IRONCLAD,Purity,25913,1.3237417277095864,1.2202664069032247,1.435991478390775,1.4423024023340936e-11,6.933665877887493e-11,0.3496460732464326,0.8647277419858616
IRONCLAD,Corruption+1,28272,1.2977485088202318,1.2160622849656044,1.3849218193562927,3.924220593056247e-15,2.0555881927306426e-14,0.10402806283094101,0.7171791855293812
IRONCLAD,Dark Embrace+1,116970,1.2852744670139957,1.2426506767529248,1.3293602831928952,3.4847600119167625e-48,2.597198653176889e-47,0.19511163212930727,0.7893000390794503
IRONCLAD,Burning Pact+1,120688,1.2796079179159305,1.2409190828605017,1.3195029766314035,8.0604572554980965e-56,6.416586223821245e-55,0.180694011200777,0.7782933853896006
IRONCLAD,Finesse,26798,1.2760647549426596,1.1943876754433291,1.3633272448181175,5.073992044120331e-13,2.54962360407042e-12,0.35288656218170267,0.8650158800056849
IRONCLAD,Deep Breath,25258,1.275233534606877,1.176955961203276,1.381717431570984,2.818073167369216e-09,1.2878478404788125e-08,0.336353068572638,0.8575738473260307
IRONCLAD,Shockwave+1,121045,1.273101624981279,1.2393069709053794,1.3078178252688286,2.924959318572499e-69,2.6407864416867968e-68,0.17823481246980133,0.7772088790122409
IRONCLAD,Feel No Pain+1,117723,1.251267529009895,1.2134721482058555,1.2902401027245705,1.5461216526413367e-46,1.1408425882114315e-45,0.19385576498552715,0.7881239599333012
IRONCLAD,Impervious,491541,1.2373172241450752,1.219672300121614,1.2552174161973035,1.2266944147158946e-185,2.2516432190776875e-184,0.10007316152087053,0.7122518814404286
IRONCLAD,Secret Technique,21505,1.2363514442402717,1.133407026206621,1.3486460365354638,1.7252187957361361e-06,7.354531564932742e-06,0.43647798349168854,0.9078471510370989
IRONCLAD,Apotheosis,23622,1.2063082419359077,1.1052842200019208,1.3165659549178867,2.6317986667131748e-05,0.00010345530688088428,0.4619499948533957,0.9166958584071887
IRONCLAD,Burning Pact,627890,1.2003048277407096,1.1766182946747212,1.2244681950113208,4.4696900382172435e-72,4.153632458108995e-71,0.15396243158781342,0.7621013866428338
IRONCLAD,Dark Embrace,628971,1.1865227283411937,1.1615249058859205,1.2120585428139763,7.744849480376144e-56,6.1875218330630995e-55,-inf,0.7303892849931736
IRONCLAD,Second Wind,624370,1.1710781714254432,1.147428079573966,1.1952157246303075,5.460291633758264e-52,4.2255427590860995e-51,0.1489534093447431,0.7582648707217475
IRONCLAD,Thinking Ahead,21996,1.1672750064949988,1.0666681875385828,1.277370935690922,0.0007698428875220468,0.002594569124713909,0.44171320956331284,0.9107811932169336
IRONCLAD,Power Through,629016,1.1660053052402106,1.1463484108487902,1.185999264256538,3.8478892543726274e-70,3.5314719148601676e-69,-inf,0.7551886973928931
IRONCLAD,Feel No Pain,628559,1.1599862196957316,1.1401581734937218,1.1801590877174932,7.357127872057851e-64,6.458569566735371e-63,-inf,0.7382025037830025
IRONCLAD,Flash of Steel,22244,1.147600127355885,1.0744255733880719,1.2257582888261733,4.214022632378474e-05,0.00016333934147491432,0.26238498185755377,0.8156127354911946
IRONCLAD,Disarm,626879,1.141622170470409,1.1235523347105456,1.159982619274544,1.5905823466430067e-59,1.3181654447366112e-58,0.1050598553150589,0.7188229498700403
IRONCLAD,Second Wind+1,119822,1.1364768022767504,1.0989479154060142,1.1752872943355142,8.195887446038488e-14,4.18461287762103e-13,0.18330912762935447,0.7807438134372868
IRONCLAD,Warcry+1,343597,1.1324259993194576,1.1123384364530182,1.1528763206492294,3.096534476465312e-42,2.2042958564838006e-41,0.17812141356907207,0.778194837623843
IRONCLAD,Impatience,23311,1.1301878695304994,1.0298001052507568,1.2403617109000586,0.0099174512329644,0.02696041516329735,0.32410137544765183,0.8515379817299606
IRONCLAD,Violence,20186,1.1224045433600274,1.0267824769815304,1.2269316892305056,0.011030623722440305,0.02948136617032481,0.42444107234704487,0.9037117214621084
IRONCLAD,Entrench+1,120993,1.118503231102314,1.0878261083743257,1.150045460717904,2.9550838524596336e-15,1.558964664207327e-14,0.1850472405171124,0.7816888109590212
IRONCLAD,Sentinel+1,93562,1.1162982148176013,1.078214563982377,1.1557270194926907,5.228342270798003e-10,2.4191975382171593e-09,0.18009833484771076,0.7780376822114179
IRONCLAD,Limit Break,469241,1.113922273544998,1.0978080878242822,1.13027299148325,1.0282974605949454e-47,7.638289832713624e-47,0.10443103489810301,0.7192779118452728
IRONCLAD,Shrug It Off,1792729,1.1082094131488958,1.0986029481153556,1.1178998795685589,2.2981178266315997e-118,2.9166398245421616e-117,0.10342852452029094,0.71658645828241
IRONCLAD,Reaper,488570,1.104717315959328,1.0892486660817768,1.1204056393939699,1.4200562450357399e-43,1.024008090981941e-42,0.09753322660096808,0.709771916356347
IRONCLAD,True Grit+1,344047,1.1032372115836373,1.0828565631869522,1.1240014480225342,5.307616753908651e-25,3.1860045433597608e-24,0.17982605480554437,0.7786113780913306
IRONCLAD,Discovery,21870,0.8986208258966067,0.8375737665623416,0.9641173362549376,0.0029012467483764282,0.008863368676951922,0.2751296192653532,0.8255497044646903
IRONCLAD,Dropkick,625684,0.8961372998116355,0.8807182109272643,0.9118263369031337,3.196730546183232e-35,2.132113676598486e-34,-inf,0.7356993839820638
IRONCLAD,Seeing Red+1,121554,0.8945013892968267,0.8711068678972118,0.9185241959868998,1.6480569235281793e-16,8.905923180428433e-16,0.18012375397074165,0.7782441362862339
IRONCLAD,Juggernaut+1,28236,0.8944192349354115,0.8470630022253496,0.9444229835570384,5.816195183814032e-05,0.00022233682449657427,0.09947449705999878,0.7142025222130763
IRONCLAD,Dropkick+1,121934,0.885472535914875,0.8593325471762102,0.9124076755104493,1.7803898142160783e-15,9.437340757455633e-15,0.1798320870251433,0.7785033260881755
IRONCLAD,Feed,492317,0.8847206574135731,0.871912603483354,0.8977168566290239,6.867225239603924e-61,5.84371925561698e-60,0.09256474489894162,0.7080739817047513
IRONCLAD,Jack Of All Trades,21791,0.8773381960917004,0.8103875448894949,0.9498200153438918,0.001233058467680119,0.004027386553996389,0.2817884631595513,0.8291571687508725
IRONCLAD,Clothesline,1784820,0.8754641426410078,0.8631178572464994,0.8879870328430323,3.080879306834364e-75,2.887186894716929e-74,0.10783933347767272,0.7207969383283466
IRONCLAD,Warcry,1794790,0.8734443286350982,0.8607817914654654,0.8862931381552409,1.0603010698568407e-73,9.894658303159845e-73,0.10972120230469051,0.7248889722405134
IRONCLAD,Spot Weakness+1,115387,0.8704349475207096,0.8472407942671092,0.8942640663576384,7.504479012976355e-24,4.444652770085462e-23,0.17484486569013635,0.7736309002096478
IRONCLAD,Demon Form,496821,0.8661236616522475,0.8538110526076007,0.878613827945683,3.538295238733062e-86,3.5398890654171757e-85,0.09743493648970702,0.7100850512032022
IRONCLAD,Heavy Blade,1694722,0.8654273450016643,0.8565953168941369,0.8743504367876331,7.206451203845568e-168,1.1598208785319569e-166,-inf,0.7495658232394482
IRONCLAD,Transmutation,18894,0.8629091841637856,0.7793239607731067,0.9554592154147784,0.004561316471984703,0.013435920270925763,0.41338152556193875,0.8991710330132646
IRONCLAD,Juggernaut,483152,0.857275979621541,0.8438267633798469,0.8709395543374692,3.204162661948405e-81,3.0941066400814818e-80,0.09983213931483126,0.718012409173888
IRONCLAD,Intimidate,625725,0.8554823796233946,0.8393446984852788,0.8719303322780703,4.534450219643723e-58,3.716241305471848e-57,0.14890891731113687,0.7569788429326996
IRONCLAD,Ghostly Armor,626334,0.855403488652936,0.8419991677498742,0.8690212014757934,1.1127517773500899e-83,1.0935494236701546e-82,0.14838643021842313,0.7574987151991948
IRONCLAD,Bandage Up,23415,0.8537393570239055,0.7995025602151179,0.9116554792963742,2.336484191195792e-06,9.884440740277816e-06,0.28637172281161727,0.8303071241492934
IRONCLAD,Flame Barrier+1,120669,0.8521868241725646,0.8312863936873327,0.8736127390128701,1.538403657597185e-36,1.0448912915973541e-35,0.08682155351159015,0.6990130068019562
IRONCLAD,Headbutt,1784401,0.8489013132424256,0.8386966529187074,0.8592301365659125,2.717082812591024e-155,4.0774600856518e-154,0.15135462289987267,0.7589089727544134
IRONCLAD,Double Tap,492584,0.8415876053670638,0.8292526127585484,0.8541060789080613,5.423204757974547e-116,6.654661749978711e-115,0.10309420786906442,0.7263050074665138
IRONCLAD,Magnetism,20946,0.8404905311127604,0.7622159770823501,0.9268033656212479,0.0004939576964706718,0.001711513328956883,0.4459858927530804,0.9135066654666292
IRONCLAD,Bloodletting+1,120754,0.8390013459348478,0.8123356816425328,0.8665423351306714,1.699433556462261e-26,1.0312682865854322e-25,0.18392701171054693,0.7813536810146612
IRONCLAD,Chrysalis,18203,0.8371459432152454,0.762928061740332,0.9185837635112046,0.00017481724879605203,0.0006386005091711046,0.40920308887922974,0.8959435210131094
IRONCLAD,Immolate,403377,0.8359283765530471,0.8219284872992203,0.8501667256025227,4.619240563587078e-96,4.980258879479078e-95,-inf,0.733149310815748
IRONCLAD,Twin Strike,1791961,0.8343234121866713,0.8248724477643347,0.843882660900421,3.411470810201444e-213,7.42831046025236e-212,0.14891473401004351,0.7564306083834087
IRONCLAD,Clothesline+1,345157,0.83299055548769,0.8149954004830807,0.8513830447636926,1.946166226198706e-60,1.6497844230485975e-59,0.17942552599789763,0.7789397175449672
IRONCLAD,Dual Wield+1,120008,0.8327115870023939,0.809000048956648,0.8571181028015034,2.0242064625517848e-35,1.3582364209448684e-34,0.18396339202869083,0.7811656456808089
IRONCLAD,Panache,20550,0.8313474932896785,0.7631225437906709,0.9056719136692357,2.3602965004981115e-05,9.311222962000544e-05,0.42656691539660374,0.9034375385228723
IRONCLAD,Berserk+1,28039,0.8307159032487229,0.7855343271972541,0.8784961879037714,8.026874543424995e-11,3.785071838842232e-10,0.11595226010053772,0.7429368175983263
IRONCLAD,Immolate+1,26787,0.8291297841608415,0.7849511249232058,0.8757949089503624,1.9837188152015975e-11,9.495343725350751e-11,0.07104187978135701,0.680905127798037
IRONCLAD,Inflame+1,118858,0.8225376048746499,0.8000908386218595,0.8456141212644065,1.4897785729202476e-43,1.0708084823481778e-42,0.1844522675162309,0.7814920434132582
IRONCLAD,Clash,1788438,0.8204065557726172,0.8105515913839224,0.8303813402000793,3.7998476461523416e-226,8.524708709196314e-225,0.10759262733060027,0.7201242544337431
IRONCLAD,Double Tap+1,31757,0.8155135161871778,0.7770250332420955,0.8559084542090458,1.3646782134663733e-16,7.3925617368507695e-16,0.08656412630865284,0.698348564108155
IRONCLAD,Seeing Red,626649,0.807624372607655,0.7954488817734078,0.8199862268656891,2.735914278855016e-167,4.371557995206468e-166,0.10811781562628875,0.7217908227580379
IRONCLAD,Demon Form+1,28798,0.8075250698975933,0.7646043670264117,0.8528551060323564,1.6950983669807374e-14,8.796293161364996e-14,0.10935948701628484,0.7343820608763933
IRONCLAD,Armaments,1794037,0.8044766775763141,0.7960620084648997,0.8129802928445627,0.0,0.0,0.10747955731609082,0.7208827596181309
IRONCLAD,Ghostly Armor+1,121191,0.803132763607139,0.7831045503126544,0.823673206498054,6.359924002628291e-65,5.605313972157712e-64,0.09048401162342279,0.7027417764529207
IRONCLAD,Perfected Strike,1794395,0.8022502547324877,0.7929487781733328,0.8116608398098243,3.70642503558711e-300,1.1930391310201407e-298,-inf,0.7578516904451973
IRONCLAD,Headbutt+1,344360,0.7930384991507445,0.7788214877443594,0.8075150352576033,2.7478318568047777e-139,3.9121375345919306e-138,0.09351567506077707,0.706806407540182
IRONCLAD,Bandage Up+1,3045,0.7870012036730409,0.6711864432153315,0.9228000667232,0.003186017349838632,0.009653676035459212,0.13529679568719455,0.7353237659606755
IRONCLAD,Thunderclap,1788093,0.7864615873574355,0.7773226707470996,0.7957079494340543,0.0,0.0,-inf,0.7584303545013867
IRONCLAD,Carnage,627394,0.7672325352123714,0.7531721196220038,0.7815554343459072,1.8532323823975848e-173,3.1182038797765423e-172,0.1485683541351266,0.756091792434507
IRONCLAD,Enlightenment,20827,0.7639159881500173,0.7143880439467405,0.8168776645913798,3.4318883417735287e-15,1.8019442097113493e-14,0.2426385733924713,0.8063265627710056
IRONCLAD,Berserk,481920,0.7638717087994324,0.7507629934315451,0.7772093092084043,2.71476961343087e-204,5.481366646754511e-203,0.10629194194442482,0.7216534384779234
IRONCLAD,Good Instincts,22147,0.7625978798584933,0.7049799319282358,0.8249249376134994,1.3651873016329565e-11,6.577182205914959e-11,0.2922962321433553,0.8339627397777569
IRONCLAD,Iron Wave+1,345976,0.7598881631047123,0.7465942222120691,0.773418817407665,3.280954359593468e-204,6.564864533925308e-203,0.1786350427431711,0.7787423351158348
IRONCLAD,Perfected Strike+1,343875,0.7582575172521396,0.7442519585705819,0.7725266367772043,4.4579397958536545e-186,8.250903572159138e-185,0.09153558066577183,0.7042515628930393
IRONCLAD,Dramatic Entrance,26703,0.7554821955765473,0.703049257735277,0.8118255464371306,2.1645989229241036e-14,1.1206466684882131e-13,0.36027906960573086,0.871706249634062
IRONCLAD,Iron Wave,1789750,0.7538261173104345,0.7453166742076965,0.7624327145818964,0.0,0.0,0.10922288013477655,0.7220706111486137
IRONCLAD,Swift Strike,21379,0.7533569407384546,0.6890154943107762,0.8237067015837163,5.042828342889078e-10,2.3431217049281678e-09,0.2852586006079896,0.8292360673575351
IRONCLAD,Dual Wield,626521,0.7508344053502354,0.7364124720667281,0.7655387783907042,2.114473932293126e-184,3.849382461986092e-183,0.11014925731556002,0.7239422365589699
IRONCLAD,HandOfGreed,21888,0.7465723070327234,0.6688844229433181,0.8332832855869857,1.8568388825211377e-07,8.297865509214179e-07,0.4563400317583316,0.9174635547136462
IRONCLAD,Sever Soul,623213,0.7400202522336903,0.7194486470916934,0.7611800730041812,2.7825971179886335e-97,3.0147064385623197e-96,0.15301345523112642,0.760777988831661
IRONCLAD,Armaments+1,344495,0.7397878080180073,0.7274829965183292,0.7523007458749571,1.0302733951802149e-271,3.050982947593676e-270,0.17989688923617464,0.7793747402200414
IRONCLAD,Forethought+1,2829,0.7379274125751742,0.5972583487766476,0.9117275084479866,0.004856815416960971,0.01424965263021178,0.1443108113588274,0.7468379922454569
IRONCLAD,Thunderclap+1,344554,0.7365970018336554,0.7229443603783148,0.75050747034862,4.539454606620271e-225,1.0082128681303621e-223,0.17881798623569445,0.7779348523484687
IRONCLAD,Bludgeon,476180,0.7339675766986997,0.7207967589711077,0.7473790592703748,1.0256690362736103e-245,2.5886487835951003e-244,0.1033544067051827,0.716664294000546
IRONCLAD,The Bomb+1,1524,0.7333630984759489,0.5851795034377061,0.9190708680785108,0.007086611120160938,0.020034291075930914,0.10112576591912625,0.7043882620081258
IRONCLAD,Carnage+1,121226,0.7327902200181697,0.7101084142125846,0.7561965128236346,1.1368786987566656e-83,1.1123381453473807e-82,0.17813801768188853,0.7769206769587493
IRONCLAD,Metamorphosis,20200,0.7298751690278957,0.665675531318576,0.8002664020236514,2.041235320104069e-11,9.749642249357284e-11,0.4253634555424415,0.9053486532270884
IRONCLAD,Flex+1,345840,0.7252293683629483,0.7141923900236944,0.7364369098341575,0.0,0.0,0.09284375786442822,0.7052858654261472
IRONCLAD,Twin Strike+1,345322,0.7243053280324401,0.7111078696274414,0.7377477182062896,5.398594856073281e-259,1.5177568576378173e-257,0.17858887019045055,0.7781269033859878
IRONCLAD,Clash+1,344821,0.7233569578253224,0.7085011586596924,0.7385242522738493,1.7576969517026171e-205,3.614671231232882e-204,0.17725963525678878,0.7771093067865555
IRONCLAD,Conserve Battery+1,1244,0.7233013686983985,0.557304848476113,0.938740926786321,0.014883545359486862,0.03803953307643305,0.19811864221571363,0.7863454144910346
IRONCLAD,Bludgeon+1,31570,0.7228651345797594,0.685086107838649,0.7627274831765828,2.158451094406875e-32,1.3895419943993243e-31,0.08369761364191375,0.7038254070543153
IRONCLAD,Forethought,24483,0.7215234627256669,0.6525978914404215,0.7977287608370465,1.8729849025680655e-10,8.79471346427838e-10,0.3466634318078011,0.8654864333934826
IRONCLAD,Sever Soul+1,120548,0.7203645150083203,0.6909276475094248,0.7510555357767675,1.4420147203302946e-53,1.1397561188091047e-52,0.18402631981305428,0.7814932615896024
IRONCLAD,Blood for Blood+1,121234,0.7183885568197458,0.6961574042826024,0.7413296409615655,1.7428845695108432e-94,1.8433079185159918e-93,0.18111811669958933,0.7795257296925426
IRONCLAD,Flex,1793714,0.7161668156301424,0.7090572242322863,0.7233476936436862,0.0,0.0,0.10884796624608517,0.7221293948088867
IRONCLAD,Blood for Blood,624694,0.7092534926425447,0.6948219004846831,0.7239848319040391,2.6973499750018507e-235,6.373206696254372e-234,0.11003604810158907,0.721669177984402
IRONCLAD,Bloodletting,626741,0.7089695409043033,0.6916486702130473,0.7267241759826301,1.485249004597778e-163,2.2907903050081006e-162,0.15351928824016814,0.7627094905761763
IRONCLAD,ThirdEye+1,1217,0.7088686409514975,0.5316426916839065,0.9451738131353573,0.01907305780149768,0.04701582838748763,0.2025019819083297,0.7905238807624113
IRONCLAD,Mind Blast,20964,0.7087945813307495,0.6519724049640014,0.7705690527677652,6.865351604005602e-16,3.674203834336492e-15,0.2800484754810575,0.8272775387505402
IRONCLAD,Rage+1,121172,0.7078366064008493,0.6889440448478218,0.7272472490443576,2.6095674309158503e-138,3.6916237350726777e-137,0.17837185912374465,0.7778442314797245
IRONCLAD,HandOfGreed+1,1404,0.7053447552102055,0.5454285938078759,0.9121473082831997,0.007792753327821831,0.021661708562067943,0.10947746423884519,0.7148053342225059
IRONCLAD,Swift Strike+1,2809,0.7050026431205539,0.5928959214741625,0.8383068744530519,7.621141759720671e-05,0.0002883569991199252,0.1353390539579663,0.7375214055635709
IRONCLAD,Metamorphosis+1,1449,0.7026580996897921,0.5529994086339926,0.8928190470931376,0.0038807767271414086,0.011553894250644863,0.16484422208751337,0.7615249928964728
IRONCLAD,Cleave,1793113,0.6991694835721892,0.6917793212064172,0.7066385938019958,0.0,0.0,0.11061738339431515,0.7237312715841665
IRONCLAD,Rage,629254,0.6975600090509214,0.6864769936645319,0.7088219572073654,0.0,0.0,0.10874017414667014,0.7216584211903306
IRONCLAD,Infernal Blade,627337,0.6897055814784998,0.6779611815045089,0.7016534310518364,0.0,0.0,0.15031353153855187,0.7590049687203855
IRONCLAD,Rupture+1,117687,0.6896244782074211,0.6673147187942122,0.7126801006310766,1.0966341524703857e-108,1.2886901865802786e-107,0.10681983027475361,0.7207097742503733
IRONCLAD,Fire Breathing+1,117975,0.6820529209354234,0.6618355901167947,0.7028878378608338,4.0501222235208367e-137,5.657434879521873e-136,0.1936953081463667,0.788680427478764
IRONCLAD,Reckless Charge,623636,0.6819323064205733,0.6643978809665803,0.6999294908399538,1.9078482145752572e-182,3.4449844590013387e-181,0.10864861807395332,0.7212031849052665
IRONCLAD,Outmaneuver,2260,0.6815997509545685,0.5133224291237188,0.905041732336537,0.008057403174052112,0.022285793835080624,0.22268468325646107,0.8094541390673089
IRONCLAD,Sadistic Nature,19990,0.6809804276359328,0.6142632994420698,0.7549439193981212,2.804264413916816e-13,1.4123064089136617e-12,0.43206423598202237,0.9068430731526711
IRONCLAD,Enlightenment+1,3053,0.6808900870121422,0.5802779030398572,0.7989470358301043,2.460413278021822e-06,1.0330014915853435e-05,0.14640772102959065,0.745835681362959
IRONCLAD,Sweeping Beam+1,1173,0.6794414131555648,0.5008081259897503,0.9217914206134088,0.01302077845703635,0.03385593130081186,0.21219482066153805,0.800605721740751
IRONCLAD,ThirdEye,2311,0.6737488537917795,0.5045057626112337,0.8997667650736741,0.007460104916642117,0.020815192236007713,0.23739060276660506,0.8194100055166808
IRONCLAD,SashWhip+1,1253,0.6712355044099596,0.4923717806518204,0.9150749902523422,0.011692726862158267,0.030660621441385493,0.23280137341263174,0.8122387669801463
IRONCLAD,Flying Knee,2334,0.6701646481604032,0.5112205538366575,0.8785262100151349,0.0037605183117953643,0.011241064832432712,0.2509783573615788,0.8277074606069136
IRONCLAD,FlyingSleeves+1,1244,0.6668806526457256,0.47825004192401105,0.9299106448251014,0.0169248251710792,0.04257522302628105,0.2365313762268063,0.8133315058479532
IRONCLAD,Sweeping Beam,2313,0.6642040541255402,0.5052438739699491,0.8731763970740262,0.003371552422292117,0.010174209143900532,0.20955889144440576,0.7971740045852244
IRONCLAD,Mind Blast+1,2759,0.6629487285402853,0.5583933280654331,0.7870814255532791,2.6785371672432248e-06,1.1203448302160455e-05,0.14458145297702496,0.7440217762573634
IRONCLAD,Dramatic Entrance+1,2934,0.6590001167603893,0.5603610841778844,0.7750023442961748,4.62996462034553e-07,2.028234994435389e-06,0.1336034510329802,0.7401524910496202
IRONCLAD,Gash,2220,0.6575620187211926,0.46677732751149537,0.9263256438993207,0.01649986852896945,0.04173827790756395,0.20872467059595878,0.8032156475939052
IRONCLAD,Infernal Blade+1,120757,0.6555617370504017,0.6380804049309324,0.6735220009319334,6.504776578737329e-206,1.3501970823715523e-204,0.1772903390288425,0.7772953801318437
IRONCLAD,Deflect+1,1248,0.654925166534123,0.49064292458229364,0.8742141224698463,0.004075350947160004,0.01204239776807096,0.23276294570057032,0.8101050919062176
IRONCLAD,Outmaneuver+1,1268,0.6529228292890222,0.49708530914928745,0.8576158119345071,0.0021844981748336324,0.006872196099582857,0.20646742159089748,0.7920289578967423
IRONCLAD,The Bomb,19372,0.6521710556844803,0.5949487491400072,0.7148970167386952,7.304638507294566e-20,4.1386740114033755e-19,0.41588748517792706,0.8999268713521305
IRONCLAD,Fire Breathing,630002,0.6492690154614141,0.6379021624075628,0.6608384157959647,0.0,0.0,0.11274644460716843,0.7257275775590968
IRONCLAD,Sadistic Nature+1,1257,0.645704625578877,0.49789355557126036,0.8373967865793847,0.0009740341900627051,0.0032297926256467844,0.1428735033604588,0.7433695767771864
IRONCLAD,Combust+1,117516,0.6438214410927507,0.6200342124208397,0.6685212520650489,2.639070674974323e-116,3.274511714591046e-115,0.19585921496722325,0.7915961642880717
IRONCLAD,Beam Cell,2305,0.6433461855898941,0.4949941472310305,0.836160016897913,0.0009743183517259548,0.0032297926256467844,0.24589374409380282,0.8209828393135726
IRONCLAD,Combust,628746,0.6415997311443465,0.6267246520729284,0.6568278647456114,5.760736862677897e-301,1.8815583194128837e-299,0.11274709271163208,0.7267954331018285
IRONCLAD,Flying Knee+1,1237,0.6414667742015375,0.47920397630778244,0.8586732221525677,0.002845296078351143,0.008716417365541915,0.23763424507128084,0.8152514713750668
IRONCLAD,Streamline,2267,0.640784055890644,0.48736215305865144,0.8425032672453947,0.0014362460072813458,0.00465679179879105,0.1990902803648894,0.7933885235866753
IRONCLAD,Wild Strike,1515112,0.6393134780521035,0.6288961763367286,0.6499033363501266,0.0,0.0,0.15545325096404994,0.7639759065639551
IRONCLAD,Dagger Spray,2252,0.637521997969172,0.4830538845711336,0.8413850108160225,0.0014730162222677486,0.004755187543105625,0.22686551676549815,0.813017374288425
IRONCLAD,Hemokinesis+1,120822,0.6329597003482388,0.6064751745206519,0.6606007947177557,1.1928350472039133e-97,1.3050673102659565e-96,0.18326804016509235,0.7809694066382469
IRONCLAD,Poisoned Stab+1,1207,0.6312641319141508,0.4502989760021254,0.8849551641872831,0.007606259933606119,0.02119636551134152,0.19003946578971198,0.7811424416482784
IRONCLAD,Dagger Spray+1,1178,0.6284910307606022,0.47040365689865415,0.8397064307508669,0.0016791779845081135,0.0053816079416919484,0.18382132258642858,0.7769758036277051
IRONCLAD,Cleave+1,345522,0.6268881201040652,0.6159677283809334,0.6380021176768089,0.0,0.0,0.09563767806632939,0.7089501841140713
IRONCLAD,Reckless Charge+1,120790,0.6258919088811504,0.6014087250776855,0.651371796364092,3.2424302394293464e-117,4.0686087919619085e-116,0.18611273206104162,0.7829135074455866
IRONCLAD,Anger,1780467,0.6239329726570293,0.6165381765438962,0.6314164624012063,0.0,0.0,-inf,0.7595436010653404
IRONCLAD,FollowUp,2336,0.6176325347545347,0.4902896286307941,0.7780502089196186,4.308813291230223e-05,0.0001667225491258245,0.226444562825857,0.8118986111606787
IRONCLAD,Dagger Throw+1,1254,0.6155856297761911,0.44616122370347544,0.8493469343691823,0.0031348267133797427,0.009537602918378643,0.2039315667760151,0.7924231902166758
IRONCLAD,Streamline+1,1246,0.6151384101148509,0.46615338362102127,0.8117398197548185,0.0005947276348785461,0.002029017015461215,0.20863972284950805,0.7945072774242328
IRONCLAD,Consecrate,2300,0.6064773457328742,0.4733684936716864,0.7770157410228848,7.636424749393769e-05,0.0002884438668095844,0.24546959758867137,0.8245341460997125
IRONCLAD,Wild Strike+1,284859,0.6013069160942898,0.5864967340421303,0.6164910840182996,0.0,0.0,0.17684723841960792,0.7765454271384112
IRONCLAD,Self Repair,706,0.597564931385719,0.40573066456003487,0.8801007131399167,0.009147078229468631,0.025112065201050467,0.2087932323806525,0.7988710812444866
IRONCLAD,Hemokinesis,625938,0.597022950095626,0.5792992131999606,0.6152889470917523,1.0388963460114938e-246,2.683010214525032e-245,0.1533477278210652,0.7612336352806297
IRONCLAD,Leap+1,1184,0.5942143514288311,0.44856215522623377,0.7871611354861268,0.0002855336951623799,0.001021208272070283,0.23563543831861655,0.8117157054485926
IRONCLAD,Rampage,630120,0.5931196641278593,0.5827739554056292,0.6036490352941168,0.0,0.0,0.1607127695314361,0.7677440996197011
IRONCLAD,EmptyFist+1,1219,0.5913530593997289,0.3900670127130496,0.8965086240673031,0.013340019694840362,0.034531682683263926,0.22757120278762288,0.8097740373402045
IRONCLAD,Rupture,628305,0.5897432962462769,0.5753907498547027,0.604453852543249,0.0,0.0,0.1567431495191044,0.7649280158283803
IRONCLAD,Gash+1,1219,0.5871773884242077,0.40805315316641705,0.8449322908088441,0.004138279856869529,0.012206002074511585,0.24308744213535283,0.8177938091387864
IRONCLAD,Anger+1,345258,0.5848625154214316,0.5734839378794873,0.596466856961853,0.0,0.0,0.1838087192034591,0.7817612008018543
IRONCLAD,Rampage+1,121568,0.5825915912366427,0.5648284739538315,0.6009133353418488,2.618101407345549e-256,7.178769414462302e-255,0.1895268204048285,0.78549596689129
IRONCLAD,Consecrate+1,1292,0.5750373747109283,0.4367891248696487,0.757042617334207,8.019589371133626e-05,0.00030188996598792855,0.23958719170244558,0.8138587595368371
IRONCLAD,Deflect,2323,0.5740122009226789,0.4239233809829246,0.777239523906726,0.0003312495296673638,0.0011752479319348482,0.23059283176163814,0.8126734772936943
IRONCLAD,Auto Shields,724,0.5703965676274126,0.3608689099572772,0.9015801455427442,0.016238353605510156,0.04126474068402524,0.2690495411319158,0.8387837571456731
IRONCLAD,BowlingBash+1,1237,0.5697417868062548,0.4159154471778007,0.7804608023957748,0.0004588305221584135,0.0015947771357024043,0.22180289780077134,0.8061651247091923
IRONCLAD,Steam+1,1184,0.5691576820701119,0.4067292705641623,0.7964523099360276,0.0010108192818027155,0.003335853825978947,0.20624245937887353,0.7918996191732935
IRONCLAD,JustLucky,2206,0.5664096393757778,0.42367366747816204,0.757233465764863,0.00012449593653469132,0.0004631582496541867,0.2040436773865839,0.8018290130278978
IRONCLAD,DeceiveReality,742,0.5661592939886142,0.35898721572446707,0.8928906995276034,0.014391196057417123,0.03695126756476697,0.2641872220030643,0.8364263287732675
IRONCLAD,Leg Sweep,748,0.5631505971963253,0.3591273126348842,0.8830812471370139,0.012360847229058,0.032260213508505074,0.268819907182403,0.8339832621082621
IRONCLAD,Searing Blow+1,120681,0.5627882892771255,0.5407018385358449,0.5857769217229625,2.983155442876494e-174,5.057700945518086e-173,0.18667596318341806,0.7839841037348354
IRONCLAD,Finisher,735,0.5558098522302127,0.3477725711099623,0.8882948728538226,0.014084324130819618,0.036247142403882236,0.26785320829777337,0.8371519274376417
IRONCLAD,Prostrate+1,737,0.5557403919856165,0.37528040945487007,0.8229776335326338,0.003362233907318959,0.010159893208374704,0.21693026069623866,0.7972838071398772
IRONCLAD,Conserve Battery,2285,0.5549640623272515,0.43956047194058756,0.7006660747156395,7.397722239994032e-07,3.2216355088287737e-06,0.22371201256100237,0.8122676780034256
IRONCLAD,CrushJoints,2346,0.5490470383313196,0.3742609504844263,0.805461135900518,0.0021665544173636656,0.0068254146964038314,0.22377602132969587,0.8131986418520064
IRONCLAD,Noxious Fumes+1,366,0.5449213888042012,0.336978631109915,0.8811814535487394,0.0132940310718971,0.03445279231118257,0.19876348145279032,0.7942307692307692
IRONCLAD,CutThroughFate+1,1188,0.5433956528705828,0.3957759083662042,0.7460758204752342,0.00016249405103509816,0.000601498812248255,0.2311777917386133,0.808781505033082
IRONCLAD,Rebound+1,942,0.5399214839502653,0.37583956779240435,0.7756373565012068,0.0008542988186838386,0.0028618366158322858,0.18415260201207606,0.7797044997871629
IRONCLAD,Perseverance,698,0.5365195205626235,0.33251524859368337,0.865684196926828,0.010745697938596697,0.028823907151718918,0.22834603145203047,0.8222421962559783
IRONCLAD,Perseverance+1,389,0.5303883348162013,0.31897308897174925,0.8819295277101511,0.01451573981810867,0.03718507282124493,0.25940321940744504,0.8256277292576419
IRONCLAD,Searing Blow,627231,0.529405377845695,0.5164541766241278,0.5426813583423141,0.0,0.0,0.1586322375483118,0.766703740301777
IRONCLAD,Sunder,518,0.5241984112661046,0.31375045793413436,0.8758042177315118,0.013649624222904251,0.035250948138453884,0.20369161325487872,0.7953244374128277
IRONCLAD,Cold Snap,2353,0.5222777233820424,0.38242074167252815,0.7132824939048654,4.413710386447107e-05,0.0001701883813940803,0.23482925400559584,0.819928205960238
IRONCLAD,FTL,703,0.520987860645735,0.32645479489493334,0.8314423778875011,0.006257636179552079,0.01788025893508489,0.2134850782026929,0.80332659757078
IRONCLAD,Deadly Poison+1,1248,0.5206783468943287,0.3673049297529723,0.7380950239544588,0.00024664232644563386,0.0008863958042649721,0.22704954384263487,0.8055965158042193
IRONCLAD,Backstab+1,376,0.5180401966900448,0.3157595808878324,0.8499049961748972,0.00921936543975409,0.02524810190097883,0.21199796825132877,0.7971101231190151
IRONCLAD,Deadly Poison,2285,0.5175230116537213,0.3624529324955596,0.7389375104432877,0.0002891087346044025,0.0010323319928559132,0.21439098647454158,0.8048922539312755
IRONCLAD,ReachHeaven,755,0.5151204830544105,0.334147122780322,0.7941086245314087,0.002665337321169914,0.008221825264331082,0.18978676608085,0.7865199216690518
IRONCLAD,Rebound,1824,0.5120664753637204,0.35296700184216806,0.7428798551221902,0.0004225216243277497,0.001475503974264044,0.2310637086673777,0.8140460444831443
IRONCLAD,Choke,738,0.5083050705419703,0.29013707047212434,0.8905240696000662,0.01801851426149496,0.044714100753944476,0.18288531933396068,0.77943404525683
IRONCLAD,Skewer+1,397,0.506252420912713,0.2939627258163359,0.8718503782010456,0.014110709741069526,0.03627301659133729,0.26766238687178134,0.8301214574898785
IRONCLAD,Melter+1,358,0.505721490050969,0.3002472771634878,0.8518119728363479,0.010380253102961418,0.0279788132787346,0.24407398862559437,0.8216491812922836
IRONCLAD,SashWhip,2290,0.5056026924689713,0.36118621552643076,0.7077625657980472,7.065901546021018e-05,0.00026826268946517404,0.21840573610336056,0.8050141966658998
IRONCLAD,ConjureBlade,676,0.505164450329045,0.3330352975369118,0.7662584830004758,0.0013162758568398029,0.004286581639356602,0.1092814990483052,0.7253352717465736
IRONCLAD,Melter,715,0.5038794342166308,0.33948646761604245,0.7478780701021209,0.0006693474383762076,0.0022696498635626826,0.1964352709436482,0.7920398643748897
IRONCLAD,Sanctity+1,411,0.5022839317967328,0.3043735878053084,0.8288798971038213,0.007053240933025876,0.019995583987810688,0.2322025003111844,0.8115473109002014
IRONCLAD,Sucker Punch,2234,0.500110431864275,0.34553316331577777,0.7238391871257209,0.00023958117871059786,0.0008624145833326383,0.2291564509411247,0.8138454573018332
IRONCLAD,Noxious Fumes,696,0.4986158141966252,0.3205992537208382,0.7754781936686833,0.0020123174987800234,0.006393930135608629,0.27982290832068424,0.8398326449605751
IRONCLAD,Distraction,703,0.49832501707754223,0.30599872785971977,0.8115322059743159,0.005121960297118834,0.014909402123068061,0.2524355384746706,0.8332933319419806
IRONCLAD,Poisoned Stab,2263,0.4930619278465172,0.3530396846396082,0.6886196517535897,3.34195579360401e-05,0.00013021901434376329,0.22928696386301584,0.8149911396348167
IRONCLAD,Leap,2311,0.4925028678376935,0.3695111953738804,0.6564322755713137,1.3557611416470938e-06,5.824265948932679e-06,0.2242078987787166,0.8154204773500647
IRONCLAD,Alpha,318,0.48618243925321153,0.2705590400554133,0.873648000043876,0.015879239862212284,0.04044471529125399,0.10500990552197897,0.7409383468834689
IRONCLAD,Blur,725,0.48265947704387907,0.3147221047650409,0.7402091154486581,0.0008415412600855694,0.002823358215483459,0.22056921532026896,0.8053293720657276
IRONCLAD,Judgement,605,0.4766244797720272,0.3134121893000242,0.7248310770085868,0.0005310629543356835,0.0018286679404334156,0.15468883617440043,0.7725554328434288
IRONCLAD,Electrodynamics,646,0.47371012756438724,0.2746735892336258,0.816974378873397,0.0072113410321862385,0.02017227958099508,0.12406360739993638,0.7512281378600822
IRONCLAD,Pray,689,0.47180267018668454,0.26734130561154834,0.8326351181912902,0.009543531696492368,0.02607156691009785,0.23175383607761157,0.8157725715683875
IRONCLAD,Finisher+1,379,0.4691840423695017,0.2800002770810475,0.7861908849128301,0.0040617765203970115,0.01202827420240235,0.2084017884092768,0.794531513313111
IRONCLAD,PathToVictory,2275,0.4687320240725123,0.3244882773413863,0.6770959869220884,5.390331211412682e-05,0.00020676900899045886,0.21215836126655097,0.804843036565512
IRONCLAD,Chaos,688,0.45330988471602324,0.2493849662555182,0.823986524395022,0.009460588644952918,0.025876807118769003,0.18666123998610484,0.7879309345848543
IRONCLAD,Hello World+1,380,0.4483365019006802,0.2641149977340362,0.7610534072697805,0.002965172098764973,0.009033809645208512,0.2357820854516024,0.8097041006523764
IRONCLAD,Bouncing Flask+1,370,0.4309868763234221,0.2406357227170776,0.7719123555957318,0.004646005393732831,0.013667255601961081,0.2610951143880138,0.8248125426039536
IRONCLAD,Conclude+1,346,0.42528613661936127,0.23835127288310778,0.7588308458051467,0.0038019799846565746,0.011349727884304103,0.2760207327651175,0.830637870416876
IRONCLAD,Self Repair+1,343,0.41608894079690983,0.24605484115645423,0.7036236549534478,0.001070205015433067,0.0035265954588677177,0.2617084657794235,0.8272595756406723
IRONCLAD,FollowUp+1,1220,0.4149943939579957,0.31450234448625847,0.5475963853238905,5.072154663322121e-10,2.351827872074829e-09,0.2544274418991419,0.8218081056387052
IRONCLAD,Capacitor,711,0.4116004953642705,0.19946310839418577,0.8493548964919833,0.01631815042024092,0.04134792403136695,0.23130281951182852,0.8189249829284946
IRONCLAD,Swivel+1,382,0.4092489489376043,0.24779624205942535,0.67589686112499,0.0004826531001874038,0.0016749570867440999,0.281853895979594,0.8343832891246685
IRONCLAD,CarveReality+1,353,0.40589890661836375,0.23742744232353727,0.6939127203732269,0.0009823492011386877,0.0032515612156915432,0.2427891528599153,0.8132766724615285
IRONCLAD,WreathOfFlame,677,0.3649727392916423,0.17563111691976255,0.7584367893469591,0.006915952224017036,0.019642365587649407,0.2278706086638056,0.8161591510648114
IRONCLAD,All Out Attack+1,371,0.32519677710757927,0.17657306340455034,0.5989188939813758,0.0003119205567363151,0.001110217237998968,0.2656811384930884,0.8324074074074074
IRONCLAD,Loop,734,0.32009198973763736,0.1275870358111754,0.8030508839929122,0.015210174701798893,0.03882965288815556,0.24919488985998872,0.8268189310101247
IRONCLAD,Flechettes+1,406,0.3199063376808653,0.14398604244956986,0.710763787568005,0.005139075740536815,0.014939642957764745,0.2760957331701819,0.8349839935974389
IRONCLAD,Bane+1,958,0.1387715333488898,0.04527204793925056,0.4253736984428724,0.0005490118340136434,0.0018875468782419535,0.2543388840375753,0.822877518880418
THE_SILENT,Meteor Strike,266,5.094548948523329,2.180004931572769,11.905674438165274,0.000170311179901163,0.000625225009190881,0.22019908752621087,0.8263838964773544
THE_SILENT,Dark Embrace,456,2.2158524067567145,1.2044080983119319,4.076692854698718,0.010530676334493585,0.02828129641948035,0.29280745366253624,0.8496845183133273
THE_SILENT,Scrawl,448,2.157836685713238,1.3232427662724313,3.5188245731556504,0.0020525034616969613,0.0064937673849123625,0.14455487093921782,0.7734885620915032
THE_SILENT,Barricade,439,2.035253807655629,1.2607060839614954,3.285665163572931,0.0036372850356158975,0.010902037873283277,0.17395697015373535,0.7767691922980746
THE_SILENT,Seek,459,1.811741108253476,1.1416283276433616,2.875196562537417,0.011665984174795347,0.030660621441385493,0.17014525284368098,0.7785642785642785
THE_SILENT,Master of Strategy,14137,1.704842499682972,1.544436108397103,1.8819088293278707,3.635525327013073e-26,2.200136716974397e-25,0.4051214186741483,0.8923779320832014
THE_SILENT,Master of Strategy+1,1347,1.6584040159211546,1.303728772127735,2.109567525716881,3.7836256118746506e-05,0.00014691315531422376,0.11667445148491429,0.7197387932017795
THE_SILENT,After Image+1,18976,1.6334726393837489,1.5243408537229755,1.7504174719837424,5.566187963391505e-44,4.0268740933851895e-43,0.09093554987073238,0.7037633295306835
THE_SILENT,Adrenaline,325358,1.5284649409606723,1.4995331141053618,1.5579549752989068,0.0,0.0,0.0928089380144872,0.7051472946240281
THE_SILENT,Adrenaline+1,21870,1.4793469454637986,1.3891842347578156,1.5753615181463667,2.9096464980814978e-34,1.906290522784368e-33,0.06319116730576779,0.667282541417879
THE_SILENT,Purity,18320,1.4759024190214058,1.334963762509803,1.6317206591270612,2.921246566709922e-14,1.5088578196890087e-13,0.33772075798199774,0.8617530990371218
THE_SILENT,Footwork,539604,1.4427393616661284,1.4189548324014876,1.4669225673504995,0.0,0.0,0.16176828652906805,0.7699993845536721
THE_SILENT,After Image,320723,1.4373458269596924,1.4119735987132935,1.463173977304616,0.0,0.0,0.09686324843831773,0.7098157071775079
THE_SILENT,Finesse+1,2411,1.4097894120340435,1.1792237303075068,1.6854360501760008,0.00016372760242891016,0.000605056580689866,0.1314307076894422,0.7352040671520003
THE_SILENT,Impatience,16943,1.4074960974577084,1.2740467518886205,1.5549235233495307,1.7516567872285263e-11,8.402655992299258e-11,0.32056742220690726,0.8526282303417086
THE_SILENT,Wraith Form v2+1,18228,1.3981473260729487,1.3018280956422987,1.5015929921534419,3.4893130872552575e-20,1.987119068408699e-19,0.09835942762755134,0.709830506588319
THE_SILENT,Wraith Form v2,303502,1.383976199307152,1.3535020441605836,1.415136481331699,5.735277523638233e-180,1.0272622080645577e-178,0.09934262965382801,0.7181344361802102
THE_SILENT,Footwork+1,101875,1.3705543485114822,1.328603086720206,1.413830240949391,6.90672129262942e-88,6.972649086786337e-87,0.19277484796834732,0.7874888999803937
THE_SILENT,Acrobatics+1,277113,1.3594659938355047,1.3335032140394016,1.3859342586785461,6.820499159077522e-214,1.4998345180506116e-212,-inf,0.7811573219656138
THE_SILENT,Malaise,304899,1.3475642737519542,1.318762254377439,1.3769953347276345,2.8392273307578287e-161,4.348913035595267e-160,0.10102061747005897,0.7157256279181855
THE_SILENT,Backflip,1444295,1.3409962078547828,1.3270929936393239,1.355045078302659,0.0,0.0,0.10870590092240584,0.7258974938030721
THE_SILENT,Finesse,19556,1.3288299171776181,1.2315981840517312,1.4337378632511093,2.2485587035062549e-13,1.1375965559196792e-12,0.33919748482554235,0.8599718052508758
THE_SILENT,Thinking Ahead,14781,1.3261317771261487,1.190885512659651,1.4767376642076626,2.7033482326064494e-07,1.1984304240756336e-06,0.41479460995997475,0.9002485456375946
THE_SILENT,Acrobatics,1440771,1.3203762693577001,1.3038005333069316,1.3371627393502075,0.0,0.0,0.11017713409944818,0.7266785376072876
THE_SILENT,Well Laid Plans,534729,1.3150152054453428,1.2897553445796968,1.34076978073387,1.4845626825162413e-168,2.4067253415099064e-167,0.16366925976144675,0.7720993297862889
THE_SILENT,Escape Plan+1,103978,1.306972644082508,1.2723153846068962,1.342573950646516,6.870447496679107e-85,6.781895062277465e-84,0.08138019789898054,0.6935565745648282
THE_SILENT,Deep Breath+1,2346,1.2895272352841596,1.0621461426246543,1.565585397156824,0.010195318831015841,0.02758075898134736,0.1458159448246391,0.7484781608854337
THE_SILENT,Calculated Gamble+1,103483,1.2810064451767964,1.242153766618598,1.3210743763645107,5.921393017601117e-56,4.747802849130715e-55,0.18251323211716752,0.7804650329920362
THE_SILENT,Secret Technique,14621,1.2620605970421162,1.1416406229879363,1.3951824405455948,5.389553135335778e-06,2.220815865228342e-05,0.4067299431235303,0.8964235936413336
THE_SILENT,Well Laid Plans+1,100785,1.2586729735319027,1.2175713614099593,1.301162054653664,5.150696260785609e-42,3.6548550783402036e-41,0.20387324434626075,0.7956692956650047
THE_SILENT,Malaise+1,21031,1.2525163002645618,1.1758454730108596,1.3341864372802132,2.8253790000202777e-12,1.3821953213755587e-11,0.07078872974537898,0.6994783296591619
THE_SILENT,Calculated Gamble,533858,1.244302052035849,1.221323737417829,1.2677126868704571,6.830092122737996e-117,8.522266631798365e-116,0.10896334414735587,0.7246648398203888
THE_SILENT,Catalyst+1,98824,1.2317393775454288,1.196554213810374,1.2679591753428388,4.041329445997599e-45,2.942882852314973e-44,-inf,0.7724263468948869
THE_SILENT,Deep Breath,17869,1.2309444968867325,1.1190410368561063,1.3540382385552931,1.929821538957137e-05,7.653810067899645e-05,0.33312484459140845,0.8593808612711329
THE_SILENT,Backflip+1,279192,1.2252081471026794,1.2041091215076438,1.2466768807857183,3.129376823143125e-116,3.8613032912227115e-115,-inf,0.7775586013376277
THE_SILENT,Reflex+1,102882,1.2165595895945684,1.1722903566006175,1.2625005628522161,3.576211920061526e-25,2.1525112938906906e-24,0.18405442784742487,0.7814595486016782
THE_SILENT,Tactician+1,102665,1.2131353639266718,1.1752799719200042,1.2522100660026136,6.887582041682509e-33,4.472900501338261e-32,0.18313838980929764,0.780985060771487
THE_SILENT,Leg Sweep,533066,1.198514561085282,1.1777880851095732,1.2196057773838072,5.1256553219354634e-92,5.36984927831069e-91,0.15387338708369658,0.7637883051364769
THE_SILENT,Apotheosis,15989,1.1882927236625864,1.068656766569618,1.3213219073529912,0.001440405247155626,0.004663469466374118,0.43959438429949094,0.9074811267689185
THE_SILENT,Blur,534583,1.1741775817590416,1.1552071356408624,1.193459554541851,3.57194442310933e-83,3.464318150098613e-82,0.10637333062076404,0.7212566556249405
THE_SILENT,Tools of the Trade,306700,1.1618858791941116,1.138235848568087,1.186027305297897,2.182118820838289e-46,1.599500297386746e-45,0.09884573504418215,0.7136805096432931
THE_SILENT,Prepared+1,278470,1.1605660725269984,1.1406517902259379,1.180828032044686,8.514063549868815e-64,7.444777615849857e-63,0.08135807931314121,0.6932873749382646
THE_SILENT,Flash of Steel,16319,1.150090635904035,1.065964553734782,1.2408559610728342,0.0003083050647089183,0.0010991100300457583,0.25490328017343444,0.8131516938242916
THE_SILENT,Venomology,312043,1.1492440550452763,1.1284671931830108,1.1704034517224229,1.7054323252272889e-50,1.2839882014677318e-49,0.09132772135036515,0.7044369112470608
THE_SILENT,Catalyst,507339,1.1406439391668954,1.1226791006420196,1.15889624667827,2.3575841417835113e-59,1.9465406613015535e-58,0.10224276172544045,0.7173781508903901
THE_SILENT,Burst+1,21708,1.1400752781670878,1.076782320089758,1.2070885782926088,6.843954467728297e-06,2.789068417032027e-05,0.06737673336928496,0.6744012114804123
THE_SILENT,Blur+1,104283,1.1396331040967296,1.108337772109085,1.171812099737155,3.572386769199883e-20,2.0292253233741534e-19,-inf,0.7764768817695036
THE_SILENT,Venomology+1,21705,1.1393340938908554,1.077210292815429,1.2050406370601883,5.11999458888751e-06,2.113663193665271e-05,0.061167269425866366,0.6654869523626928
THE_SILENT,Doppelganger+1,20763,1.1324510530081306,1.0583145342166145,1.2117809460195268,0.0003174144295300299,0.0011279639167779143,0.06687997017018565,0.6733970959466877
THE_SILENT,Tools of the Trade+1,18246,1.1160741735342943,1.0445540200839123,1.1924912803745598,0.0011540955723748404,0.003789776714132453,0.1027494906270412,0.7147433175955027
THE_SILENT,Dodge and Roll+1,277367,0.8970955126684842,0.8805482149695062,0.9139537678556311,2.891397459347649e-30,1.814066033110488e-29,-inf,0.776677402286287
THE_SILENT,Sadistic Nature,14341,0.8889784194580228,0.8054151740432082,0.9812114990270695,0.019462380714213426,0.04781631367950002,0.4087628356828884,0.8967634793635268
THE_SILENT,Bouncing Flask,534913,0.8808429571301074,0.8663369841144409,0.8955918186025634,1.0634420835460666e-50,8.061108762989126e-50,0.14900067164476227,0.758297844911715
THE_SILENT,Discovery,15236,0.8777193681457716,0.8055507398560425,0.9563535244916873,0.002888111030442494,0.008835392009108512,0.25723438742756655,0.8167090297502752
THE_SILENT,Madness,17819,0.8760391391708763,0.7975643291749823,0.9622353273410698,0.005710902235651191,0.01642994024013121,0.33559641613748203,0.8616809797787591
THE_SILENT,Terror,533788,0.8713446391515077,0.8561558889757698,0.886802847418782,3.572036987470477e-53,2.80335482302895e-52,-inf,0.764339445900373
THE_SILENT,Infinite Blades,535812,0.871329042943371,0.8570954501527864,0.8857990098317204,2.238551223350899e-60,1.8832660102508889e-59,0.1055309648916507,0.7203346236151636
THE_SILENT,Predator,534706,0.8701417949548615,0.850260050846946,0.8904884365354725,4.141272832218549e-32,2.658314150392311e-31,0.15898471734909403,0.7672605036999951
THE_SILENT,Cloak And Dagger+1,230063,0.8696049839562252,0.8541630790554238,0.885326053846491,9.805830264352496e-53,7.641666321798911e-52,0.07512157350427628,0.6842555652892193
THE_SILENT,Accuracy+1,83268,0.867757415703426,0.8391342778858534,0.8973568978798394,1.1471663538108126e-16,6.229477926195146e-16,0.1900228656963473,0.7862201467200882
THE_SILENT,A Thousand Cuts+1,18681,0.863545085395799,0.809723530266576,0.9209441082510424,7.887169573921968e-06,3.202450388241443e-05,0.087352494839396,0.6998514845667482
THE_SILENT,Bandage Up,16741,0.8559116876880358,0.7931019520624681,0.9236956424276713,6.304347860522679e-05,0.0002401707821307182,0.25882108017160843,0.81487566601963
THE_SILENT,Bouncing Flask+1,104124,0.8537017859882639,0.8294541270761372,0.8786582833322294,5.369295769063077e-27,3.294255774334004e-26,0.1823266281662943,0.7805598753205416
THE_SILENT,Eviscerate+1,101091,0.8528320899627535,0.815862793410386,0.8914765810436811,1.9150354479131046e-12,9.47281454301783e-12,-inf,0.7898407299175804
THE_SILENT,Magnetism,13900,0.8492619456409546,0.7538599013893482,0.9567372544747618,0.007201029205485985,0.02017227958099508,0.4259677414468632,0.9054781579943321
THE_SILENT,Noxious Fumes+1,101122,0.8450426659904948,0.81949794646079,0.871383644618431,5.880599919078e-27,3.58813528029457e-26,-inf,0.786960547871133
THE_SILENT,Heel Hook,534626,0.8293090633741856,0.8102610183302538,0.8488048999467577,3.8298030328724627e-56,3.081881353626717e-55,0.11180680011912558,0.7277666450066886
THE_SILENT,Infinite Blades+1,100867,0.8262052322320556,0.8016506756474324,0.8515118947742774,2.539128810052613e-35,1.6986159900984498e-34,0.19807389900781003,0.7915643862689457
THE_SILENT,Accuracy,451956,0.8202633521862893,0.8047452418427301,0.8360807022595342,6.756132248669182e-92,7.044774518448006e-91,0.1096181565465465,0.725491820335322
THE_SILENT,Dash+1,102060,0.8192920466553756,0.7942371013817309,0.8451373733926578,2.7959639728534836e-36,1.89324267795963e-35,0.1941231589263276,0.7897370247596192
THE_SILENT,Blade Dance,1443839,0.8166564049189946,0.8072753639656717,0.8261464593927298,1.0519964076465362e-258,2.9206050267286964e-257,0.10682088809401358,0.7229001070703998
THE_SILENT,Heel Hook+1,100977,0.8156843490609609,0.7867352267493914,0.84569869847069,2.1923014785835025e-28,1.360084241322335e-27,0.09776242423854675,0.7119643888256555
THE_SILENT,Blade Dance+1,277280,0.8139488566512569,0.8002185902103368,0.8279147089918861,2.4561823592552385e-124,3.171616872038305e-123,0.0800961356784139,0.690716930296247
THE_SILENT,Good Instincts,15798,0.8112091865766786,0.7396101152630451,0.8897395138414986,9.080596305836285e-06,3.6735891430350434e-05,0.2811610624976091,0.8311344928000682
THE_SILENT,Deflect+1,276970,0.8059175709462382,0.7914328759772986,0.8206673627979475,2.8955737747954596e-120,3.696016870011906e-119,-inf,0.7785209611195083
THE_SILENT,Jack Of All Trades,15272,0.803532818748136,0.7305262274118669,0.8838354689780387,6.7688481105105675e-06,2.7635315539419062e-05,0.2776719788509887,0.8298770365347659
THE_SILENT,Terror+1,103330,0.7984090075899233,0.7769736454640289,0.8204357343678242,4.020560240938951e-59,3.3072830722686704e-58,0.0793639565239439,0.6897690033584822
THE_SILENT,Dagger Throw,1444690,0.7965713181238606,0.7851281646684208,0.8081812542358111,2.095309307007101e-208,4.4746942027526646e-207,-inf,0.7702200909135102
THE_SILENT,Eviscerate,535422,0.7920385654389859,0.768851057923887,0.8159253768039288,2.260905627912805e-53,1.7806636168774254e-52,0.11187428314876535,0.7267653353240021
THE_SILENT,Trip,17716,0.7854042381661236,0.7155815660036591,0.8620398381337772,3.673343941229581e-07,1.612351164717569e-06,0.3268010424831551,0.8581723337222107
THE_SILENT,Glass Knife+1,19036,0.7747250148659954,0.7209222843729846,0.8325430655554421,3.639791181036256e-12,1.7728018011143693e-11,0.09562206211100355,0.7090022250233609
THE_SILENT,Bullet Time,307637,0.77379806156697,0.7584815533776991,0.7894238659046668,1.7923209423190823e-139,2.5682224599294718e-138,-inf,0.748389035565383
THE_SILENT,Deflect,1443751,0.7735792424002385,0.7633686772254451,0.7839263806940229,0.0,0.0,0.10948941018919989,0.7259339911419039
THE_SILENT,Backstab,537856,0.7714239697927001,0.7594621341605433,0.7835742091717388,2.256262513134933e-232,5.166143341930605e-231,0.10459408411766913,0.7163453483468558
THE_SILENT,A Thousand Cuts,310111,0.7682088941836135,0.7536728422410734,0.7830253022624419,3.3846644650505192e-161,5.148862860874796e-160,0.09808392673185595,0.7122519224497734
THE_SILENT,Chrysalis,12252,0.7670159294231974,0.6819624340953376,0.8626771894985138,9.723426504879875e-06,3.9264964122433096e-05,0.38650809021342203,0.8914658470631573
THE_SILENT,Deadly Poison+1,278345,0.7637348274477053,0.7502999829618012,0.7774102357753515,1.0678495772679809e-194,2.044563716476022e-193,-inf,0.7785140952393216
THE_SILENT,Predator+1,101365,0.7610734591186031,0.7342503437666534,0.788876457589835,2.663666233719469e-50,1.9986495625307233e-49,-inf,0.7920239156293125
THE_SILENT,Deadly Poison,1445975,0.7606496088883444,0.7525754468817101,0.7688103962192298,0.0,0.0,0.10489050356710028,0.7186500611653888
THE_SILENT,Enlightenment+1,2222,0.7547651778407909,0.6193290948219647,0.9198186851609175,0.005299261740547416,0.015345059094857642,0.12392355813296796,0.7242105639973413
THE_SILENT,Underhanded Strike+1,271148,0.7496743774980236,0.7299751216374758,0.7699052414503496,8.314681703335092e-100,9.279853298043839e-99,-inf,0.7925293832316265
THE_SILENT,Swift Strike+1,1894,0.7485646235542182,0.6049824151001111,0.9262236085723963,0.007691559135564245,0.021407209072792217,0.1416330131689214,0.742614681720827
THE_SILENT,Finisher+1,101463,0.7422918014398712,0.7182191587758728,0.7671712899220962,3.0897369294680096e-70,2.859294050145187e-69,0.20288178548822622,0.7957998123713952
THE_SILENT,Die Die Die+1,19482,0.7399346125006245,0.6925481482717988,0.7905634173489628,4.684214493697304e-19,2.633833010253598e-18,0.09950405981943222,0.7320072179148515
THE_SILENT,Trip+1,2240,0.7379349698461266,0.6067648413878332,0.8974613929117533,0.002339409572702658,0.007328390212937382,0.12817667969688618,0.7293476013234077
THE_SILENT,Distraction+1,103063,0.7357446115578528,0.7137863704833022,0.7583783549549842,1.0901626659281728e-87,1.0955888149441048e-86,0.18610250343096646,0.7826986994916991
THE_SILENT,Flechettes+1,100790,0.734936342805136,0.7034957044335579,0.7677821265599517,2.3559264626573574e-43,1.6879073140522548e-42,0.20215115412857965,0.795298698495597
THE_SILENT,Dagger Throw+1,270534,0.7324519196097571,0.7163299324157437,0.7489367542282909,1.649610833421909e-165,2.5984295468298297e-164,0.09569280295790927,0.709448486207967
THE_SILENT,Glass Knife,304029,0.7317256998667911,0.713941047722681,0.7499533771778896,1.2084108894938556e-136,1.667006574885623e-135,0.10097602706046982,0.714211933664986
THE_SILENT,Quick Slash,1445331,0.7316398534533486,0.7201885094686226,0.743273279319877,0.0,0.0,0.11391007713888834,0.7299970239942838
THE_SILENT,Finisher,535789,0.7310205974690697,0.7161717663763036,0.746177298538248,9.66020852243808e-197,1.8656802720291284e-195,0.1617076298595641,0.7694645156154734
THE_SILENT,Enlightenment,14234,0.7257690104268448,0.6649013359549093,0.7922087503997478,7.393137657292925e-13,3.698233949740447e-12,0.23709125951524634,0.805629772940744
THE_SILENT,Caltrops+1,100964,0.723479974476317,0.7016830996012364,0.7459539409823486,1.5627553464863316e-95,1.6767534418097305e-94,0.2070453436058194,0.7980123576925344
THE_SILENT,Die Die Die,312849,0.722566498453542,0.7086328435322525,0.7367741270429131,1.2125907399157818e-234,2.8349095087925802e-233,0.10144203112816486,0.7147528810893808
THE_SILENT,Sucker Punch+1,271577,0.7188101078186643,0.7025049431292891,0.7354937159597871,5.463945219611954e-175,9.407304133921046e-174,0.0964665050308744,0.709885845536511
THE_SILENT,Bullet Time+1,20951,0.7149984641934424,0.6730821019493578,0.7595251787536691,1.37829674275837e-27,8.527011324975877e-27,0.08509062905207454,0.7092881665042279
THE_SILENT,Flechettes,534314,0.7089836812342932,0.6875655694380358,0.7310689810534935,5.044921069687316e-107,5.866371568468863e-106,-inf,0.7335321028765777
THE_SILENT,Caltrops,536805,0.707005300458045,0.6939441840777434,0.7203122475045788,8.643119088069664e-291,2.703713731634187e-289,0.11430719865802663,0.730330539615407
THE_SILENT,Dramatic Entrance+1,1898,0.705993326222973,0.577189828929963,0.8635401243909598,0.0007053165325604677,0.002384334884043834,0.13124539352652942,0.736655116793782
THE_SILENT,Mind Blast+1,1805,0.7049738117872758,0.5728091516655943,0.8676329172827579,0.0009654177895300972,0.0032146820248071155,0.13129489381439408,0.7407280185773844
THE_SILENT,Skewer,534441,0.7047984194259971,0.6852117293561777,0.7249449925384661,9.729680207477632e-131,1.3096739236853225e-129,0.16461640513813003,0.77210056149745
THE_SILENT,Outmaneuver+1,276953,0.7037992821907411,0.6892953767622065,0.7186083735813052,1.0452921814001828e-239,2.523471668358485e-238,-inf,0.7836773582661973
THE_SILENT,Storm of Steel,248563,0.7026460469371956,0.6828585409609347,0.7230069445740624,1.599263847935798e-129,2.1269251534523397e-128,0.1133258690267348,0.753823976738765
THE_SILENT,Choke+1,101217,0.7002103503709045,0.674965546183882,0.7263993511055051,1.1156519334258336e-80,1.0726679411856175e-79,0.20358997651687483,0.7965041755746052
THE_SILENT,Forethought,17397,0.7001814158142395,0.61745570387211,0.7939905842268751,2.7609715012158373e-08,1.248903809409445e-07,0.33062536481325466,0.8585145110534524
THE_SILENT,Endless Agony,534218,0.6938175014141819,0.6789246609574413,0.7090370301025107,4.434898958155269e-239,1.0591301705443927e-237,-inf,0.7709190595184523
THE_SILENT,Magnetism+1,971,0.6885427210096026,0.5191727097976695,0.9131664082267901,0.009582525960634471,0.02614593385573607,0.13852434865665952,0.7398971814415061
THE_SILENT,Sucker Punch,1443138,0.6872295362237599,0.6754485849690313,0.6992159669414038,0.0,0.0,0.11420869071201645,0.7306524590683504
THE_SILENT,Swift Strike,15214,0.6846679912846373,0.6168973772877119,0.7598836946766796,1.0533786915201086e-12,5.2574248850924965e-12,0.2651539552846164,0.8219180560718169
THE_SILENT,Underhanded Strike,1443760,0.677691824609792,0.665492979998747,0.6901142806101634,0.0,0.0,0.1149619408070034,0.7321182814844804
THE_SILENT,Endless Agony+1,101540,0.6763738312636596,0.6532055829321113,0.7003638235373568,3.7657411835184005e-107,4.401953246628614e-106,0.19811445069149125,0.7923729144515561
THE_SILENT,Backstab+1,102251,0.6756217481355894,0.6558336793194728,0.6960068702593032,2.184635900139347e-147,3.192155483032559e-146,0.19093607703713,0.7868007727492048
THE_SILENT,Storm of Steel+1,16971,0.6747875142504828,0.6236920460041036,0.7300689375560028,1.2288533376213758e-22,7.163473130858466e-22,0.07719986215258579,0.7029035199309882
THE_SILENT,Masterful Stab,534427,0.673115908823169,0.6560698219907498,0.6906048891808788,5.833389039329323e-201,1.156781880031288e-199,0.16437460069953636,0.7710254142802933
THE_SILENT,Quick Slash+1,271573,0.6728512053674363,0.6570395365959754,0.6890433822444422,6.24849131577196e-234,1.4456145012843252e-232,0.19706301654981961,0.7921741835395372
THE_SILENT,Unload+1,18612,0.6727450785367376,0.6177569822345348,0.7326278030210504,8.161969175027309e-20,4.612654844207546e-19,0.0956054615045685,0.7080850858986346
THE_SILENT,Setup+1,69086,0.6678990207224175,0.6354563170799797,0.7019980601212885,7.782963511831405e-57,6.3318541977207145e-56,-inf,0.7776192932248488
THE_SILENT,Mind Blast,14883,0.659254231604109,0.5961609405101282,0.7290248527788956,4.757968377714573e-16,2.552523615194219e-15,0.2758205985534079,0.8281599752980249
THE_SILENT,Metamorphosis,13409,0.6583747223821633,0.5856687735055024,0.7401065152873789,2.545808098760502e-12,1.2481765534982504e-11,0.409856670992803,0.9013623155590778
THE_SILENT,Leap+1,825,0.6537195923294481,0.45797960007487865,0.933118648353571,0.01922040315266249,0.04727410343528615,0.23963961645666865,0.810379967104479
THE_SILENT,Skewer+1,100417,0.6530032338122193,0.6265638475291977,0.680558294339421,8.087396403758734e-91,8.3935081367982e-90,0.19968957553825384,0.7939589469373397
THE_SILENT,Dagger Spray,1447966,0.6496678949174308,0.6409980180063587,0.6584550370361036,0.0,0.0,-inf,0.7738652154287211
THE_SILENT,Choke,535001,0.6482572359940271,0.6325175239929052,0.6643886186200424,8.664093582394282e-262,2.4670451085253462e-260,0.16313031627611463,0.7718922257717507
THE_SILENT,Phantasmal Killer+1,20723,0.6445605115074432,0.603666264234469,0.6882250634323495,2.148383093885729e-39,1.5099869783291785e-38,0.07367133313157403,0.6801263487746396
THE_SILENT,Phantasmal Killer,299800,0.638178392512462,0.6215854304924403,0.6552142966850689,8.38897766126239e-245,2.093474088276828e-243,0.10043117580865046,0.7164211154051794
THE_SILENT,Evaluate,1498,0.6311052983029262,0.4533459804063431,0.8785649697148006,0.006391368310991297,0.01817570937094964,0.24603119573672594,0.8212713187935435
THE_SILENT,Armaments,1506,0.6300976025374903,0.4522378175595735,0.877907537379253,0.0063438917486839915,0.018087013573590688,0.2656628344551566,0.8366431549350397
THE_SILENT,Poisoned Stab,1448513,0.6285014001267101,0.6215183006578019,0.6355629585535301,0.0,0.0,0.11481172364781456,0.7294118291892595
THE_SILENT,All Out Attack,535235,0.6262992924401763,0.6126339498181039,0.6402694526275079,0.0,0.0,0.11345600137111844,0.7279102202681778
THE_SILENT,Distraction,533072,0.6260329734326635,0.6111841478324176,0.6412425538438588,0.0,0.0,0.11117598152568375,0.727548457262058
THE_SILENT,Masterful Stab+1,100675,0.6248521034163109,0.5990615570391467,0.6517529735567296,5.50834986949779e-106,6.371898468830517e-105,0.20287159549042866,0.7955293448046499
THE_SILENT,Riddle With Holes+1,101612,0.6235267695661085,0.600014050704342,0.6479608800979926,3.54242191522641e-128,4.683166115308248e-127,-inf,0.7900588396826024
THE_SILENT,Flying Knee,1445975,0.6211016246091599,0.6125731373521858,0.6297488488633303,0.0,0.0,0.11637757272691351,0.7323340654194025
THE_SILENT,Envenom,315971,0.6188685888863942,0.6073682728051856,0.6305866596246856,0.0,0.0,0.11225827299607771,0.7286227903545
THE_SILENT,Riddle With Holes,533405,0.6171704453488928,0.6001639690579342,0.634658823671206,3.414544929686365e-251,9.136993119076406e-250,-inf,0.7750499611451718
THE_SILENT,Poisoned Stab+1,271635,0.6166844807606277,0.6047320115014841,0.6288731894095729,0.0,0.0,-inf,0.7933822426498102
THE_SILENT,The Bomb+1,1206,0.6163091112528843,0.477872634135536,0.7948497015327924,0.00019235641798759926,0.0007003665645089475,0.11490665514517973,0.720399866339942
THE_SILENT,HandOfGreed,14760,0.6136460897407617,0.5335650948212342,0.705746172508324,7.671856768683089e-12,3.704172583314161e-11,0.4268855556998482,0.9056036916781997
THE_SILENT,Beam Cell,1464,0.6086275682454858,0.4240975412654056,0.8734488667940549,0.007058324109159649,0.019995583987810688,0.26817453896916454,0.8410592922991145
THE_SILENT,Bane+1,257304,0.6083274285355277,0.5950007620508374,0.6219525820994313,0.0,0.0,0.19948935407764645,0.7938500835277608
THE_SILENT,Dagger Spray+1,271717,0.6080956070263253,0.5947088635681808,0.621783682634354,0.0,0.0,-inf,0.794640027929148
THE_SILENT,Slice+1,271278,0.6079975359717099,0.5952685584615496,0.620998704690613,0.0,0.0,0.10194096501891747,0.7157134238940182
THE_SILENT,Unload,300389,0.6074189867763755,0.5899929421116707,0.6253597274840015,4.8717940923717166e-247,1.2729711387244216e-245,-inf,0.7462520154570411
THE_SILENT,Flying Knee+1,271081,0.6073200758746933,0.5935498087061645,0.6214098111908171,0.0,0.0,-inf,0.793719107480334
THE_SILENT,Iron Wave+1,815,0.6064733353022497,0.40138041935805174,0.9163623552461581,0.017562390293320476,0.0438763429037849,0.22458141862720793,0.8059433124444946
THE_SILENT,Conserve Battery,1437,0.6061138290799036,0.44104775151851033,0.8329573669450716,0.0020234410334081785,0.006420089335999378,0.2377765874125496,0.8186976178515718
THE_SILENT,Cold Snap,1441,0.6056910847285657,0.41652198966010734,0.8807738828363783,0.008677413683814845,0.0239113347292218,0.19689112520656593,0.7958229688172381
THE_SILENT,Dramatic Entrance,19316,0.603667173521602,0.5556026864323991,0.6558896587190974,8.967259471350016e-33,5.789617234264066e-32,0.3510091216767445,0.868362734724379
THE_SILENT,Slice,1446400,0.6028957275765895,0.5940375369090758,0.6118860101356532,0.0,0.0,0.11640570316035836,0.7329994690302911
THE_SILENT,Thunderclap,1394,0.5999068174843802,0.3903851036307079,0.9218799239959744,0.019751898856876435,0.048420493776073464,0.2809054738741741,0.8444705215196695
THE_SILENT,Sweeping Beam,1444,0.5965232115981165,0.4020290690029206,0.8851099818673713,0.010283180067693734,0.027784602105045967,0.25294093412660945,0.828308194682009
THE_SILENT,Envenom+1,18792,0.5907526617665627,0.5521478988896766,0.6320565705059569,1.3049670916317859e-52,1.0134027659140547e-51,0.10446414027912598,0.71825463909001
THE_SILENT,Anger+1,738,0.5903624529696848,0.3972645520840582,0.8773192172520781,0.009119433224416773,0.025067154939888186,0.222343926286949,0.8050140950949071
THE_SILENT,Bane,1372872,0.5889527634776255,0.5805500737430114,0.59747707096404,0.0,0.0,0.11841702338605797,0.7346188092706647
THE_SILENT,Anger,1512,0.5855521809796388,0.40818619591493144,0.8399876332943611,0.0036480187043374354,0.010919473776729709,0.24085903199558611,0.8244740320370574
THE_SILENT,The Bomb,12969,0.5831092869667519,0.5214654366082857,0.6520402248678415,3.030935910451601e-21,1.7394596013211902e-20,0.39659919619382855,0.8950795297745542
THE_SILENT,FollowUp+1,777,0.5778847991842797,0.40582420000525077,0.8228953352804845,0.0023590146636149898,0.007379396574491397,0.22157179303946584,0.8015097928891032
THE_SILENT,SashWhip+1,739,0.5755711296628779,0.37406881142695214,0.8856181407844903,0.01198986819413727,0.03140270903205056,0.24816904959520525,0.8179484271022384
THE_SILENT,All Out Attack+1,101029,0.5719865807360809,0.5500397367457042,0.5948091141157146,2.4730426232977833e-172,4.0989758704062515e-171,0.2017818906609562,0.7950976620737139
THE_SILENT,Outmaneuver,1442404,0.5676521348619267,0.5578653762539418,0.5776105847920978,0.0,0.0,0.1128232834281957,0.7313297137678738
THE_SILENT,Iron Wave,1515,0.5632436443547187,0.36165622807995307,0.8771960173069392,0.011096885752122507,0.029551680116306697,0.23175884588405693,0.8142133038379881
THE_SILENT,PathToVictory+1,816,0.5620997548162664,0.3573559671027976,0.8841495971819558,0.012675442354420544,0.03300370160512078,0.2591326895234196,0.8249930994680317
THE_SILENT,Prostrate,1017,0.5617778315700149,0.3538758203535669,0.8918222548468817,0.014465345529185695,0.037098767229008574,0.27277921679787975,0.8374516049987748
THE_SILENT,Steam+1,793,0.5607390157029093,0.3635471812819985,0.8648897857567761,0.008884389964161035,0.024451338426767853,0.257529922348367,0.8207112724033119
THE_SILENT,Consecrate+1,772,0.5604192049079623,0.3973210651209534,0.790468245458022,0.0009673151550489343,0.0032161780828797648,0.1985210376478893,0.7884390732345007
THE_SILENT,Streamline,1538,0.5543123663035193,0.3850444919244355,0.7979914162680889,0.0015046349980818133,0.004850209478577224,0.25033801600277195,0.8275359281959942
THE_SILENT,Flex+1,872,0.5526850581278352,0.39377112052010255,0.7757317831594874,0.0006077913451597928,0.002070405793864877,0.2505494737221907,0.8197743662587412
THE_SILENT,Thunderclap+1,762,0.5456023973858047,0.3561619747514287,0.8358050469618346,0.005366061930263321,0.015477952658590697,0.2670928940572056,0.827707294164526
THE_SILENT,Conserve Battery+1,791,0.542692948663762,0.3847682052124796,0.7654365213641523,0.0004950751827529754,0.001712713365879063,0.2527234696526408,0.8217581850992525
THE_SILENT,Ball Lightning,1516,0.5405665539386887,0.36346390417574465,0.8039648390940541,0.002386513334741956,0.007434005773438828,0.26165341466017555,0.8297368672319476
THE_SILENT,Setup,379525,0.5345587664435872,0.5075741841144294,0.5629779522381468,3.7392043016041204e-124,4.800446678533382e-123,0.1697820811751365,0.7788836537022814
THE_SILENT,Cleave+1,763,0.5342332496738758,0.358603063988788,0.795880441964191,0.002052509997392381,0.0064937673849123625,0.2190693789094298,0.7977164712168509
THE_SILENT,Metamorphosis+1,1161,0.5324861796187987,0.4097709461298687,0.6919512819612174,2.4156938009249324e-06,1.0180751293841129e-05,0.1207927452244657,0.7199961570101538
THE_SILENT,Gash+1,761,0.5236822965886901,0.34500505900193634,0.794896018492487,0.0023814386901911543,0.0074286170378013395,0.20716321114684544,0.7895242099362343
THE_SILENT,Rage,457,0.516059429363241,0.30872091782221706,0.8626475216301278,0.011616283285733525,0.030641051279826793,0.23034703962212144,0.8119719014049297
THE_SILENT,Self Repair,480,0.49329529374786246,0.28489292914955205,0.8541463193214268,0.01164246917711484,0.03064138616976354,0.29064739301300135,0.8577383387888707
THE_SILENT,FlyingSleeves,1501,0.48427508951452897,0.2854007005631201,0.8217301564487132,0.007193431138564992,0.02017227958099508,0.26283531028807294,0.8334161192116647
THE_SILENT,Consecrate,1418,0.48312879770019446,0.34198717950767576,0.6825210100076179,3.679935781634209e-05,0.00014313725693536913,0.31348403841532135,0.8637848474399625
THE_SILENT,Flame Barrier,478,0.4739893105426094,0.27842015644845536,0.8069310403905731,0.005955960731686582,0.017068630690420514,0.2647766030739236,0.8390098923984727
THE_SILENT,BattleHymn,449,0.46573840161127417,0.2652547602471483,0.8177506731012814,0.007803077280375765,0.021663293299643217,0.23867702818280456,0.8200589970501475
THE_SILENT,Clothesline+1,758,0.447620352127381,0.2555514600498952,0.7840455288321205,0.0049439299897646935,0.014460366635792438,0.23305183911451854,0.8090569695229206
THE_SILENT,Intimidate,442,0.43733342141855935,0.22112175385240612,0.8649557004568867,0.017458637295689045,0.04371548301434653,0.20213819004633815,0.7896817925061195
THE_SILENT,BowlingBash,1417,0.42837233621659226,0.2732259897154147,0.6716156783869393,0.00021995128594820784,0.0007956218340243804,0.22767925911950282,0.818343997049438
THE_SILENT,Spot Weakness,450,0.41024695294644653,0.22374053440071437,0.752222045292954,0.003971430091523363,0.011792174108654265,0.30865161341270575,0.8611788801542122
THE_SILENT,BowlingBash+1,822,0.40986933397584724,0.2704814138529901,0.6210884087773614,2.6002975886166737e-05,0.00010239824369357504,0.24192928325821017,0.8177938848208984
THE_SILENT,EmptyFist+1,871,0.40701731322126694,0.23313248606981174,0.7105963482594655,0.0015689248010045858,0.0050428103951247255,0.22029251375047632,0.8029805319440636
THE_SILENT,EmptyBody,1499,0.39856350398961043,0.187669429141984,0.8464504178370671,0.01667637956081664,0.042041133943897566,0.24337508909508077,0.8276217733316643
THE_SILENT,FollowUp,1451,0.39480270336908563,0.27645758825107786,0.5638086318179784,3.188723028818252e-07,1.4079828721680592e-06,0.23670706142942488,0.8216482617586911
THE_SILENT,EmptyBody+1,800,0.38854861537842555,0.2305800483807044,0.6547401979169908,0.00038420977028807805,0.001354491904460034,0.2170975811306466,0.7979720474837663
THE_SILENT,Static Discharge,447,0.3874337084045677,0.18546499280658252,0.8093434568789851,0.011644002668744002,0.03064138616976354,0.28127532378014464,0.8411586365126188
THE_SILENT,CarveReality+1,227,0.3868526090423063,0.19350028384236725,0.7734094139353003,0.007211521831296756,0.02017227958099508,0.2405909980679498,0.8162030488763163
THE_SILENT,SpiritShield,216,0.38163918263301533,0.172066062683229,0.8464682892694106,0.017784566775173597,0.044182911417964835,0.11724704570851463,0.7319078947368421
THE_SILENT,Swivel+1,248,0.3772236137044742,0.18534055123633966,0.7677632001580132,0.0071701806426498664,0.02017227958099508,0.3450143802907528,0.867508297000065
THE_SILENT,BattleHymn+1,269,0.3711068923412347,0.20288454148606244,0.678811330495723,0.0012935284330693661,0.0042186881789237326,0.22235462654360127,0.8021496815286624
THE_SILENT,DeceiveReality+1,219,0.3683601026652473,0.18970113229897492,0.7152786258634511,0.003181586464281041,0.009653420132743432,0.2572304172642421,0.8230140186915889
THE_SILENT,Melter,463,0.3677921247538121,0.21521715408451952,0.6285328305094138,0.0002537926913113913,0.0009091509151654839,0.26306735574406326,0.8276470315183586
THE_SILENT,Clash,1511,0.35257230777920984,0.19459549573233773,0.6387980962505938,0.0005862253619525238,0.0020030869675331624,0.27271109831481455,0.8420186385550507
THE_SILENT,Aggregate,490,0.3447661625800663,0.1693898517274664,0.7017168127133502,0.0033151677477989846,0.010031318212345429,0.31299924924050704,0.8609065515490095
THE_SILENT,WindmillStrike,470,0.32025059049334076,0.1541529457708906,0.6653161261268639,0.0022709421584810488,0.007123958381336736,0.29883871211335766,0.8624391750984784
THE_SILENT,Self Repair+1,256,0.31797440406218885,0.16670740113714405,0.6064980975591272,0.0005056232083631688,0.0017464838970055955,0.25864100758985,0.8231036479444123
THE_SILENT,Cleave,1500,0.31323976701595585,0.19334911233329735,0.5074714357678117,2.411053953288509e-06,1.0180514886414027e-05,0.2645527337333491,0.8413158192569957
THE_SILENT,Electrodynamics,449,0.2922748683525145,0.13302948258333375,0.6421478683641957,0.0021921016284838254,0.006886361692874932,0.22430754476204084,0.8184903210576016
THE_SILENT,Worship+1,262,0.26632567296513143,0.12531100816440482,0.5660266014879765,0.0005828189167277768,0.0019945158922224844,0.17638619277480205,0.7720238095238096
THE_SILENT,Perfected Strike,1536,0.2638472751647707,0.11566326307179724,0.601879825650958,0.0015425076700851122,0.004965086282984107,0.252206636502989,0.8294503266501464
THE_SILENT,Spot Weakness+1,219,0.2508732743584413,0.1171316634047351,0.5373218304759556,0.0003731212768916429,0.0013174918219019695,0.3638966839646517,0.8728451954258406
THE_SILENT,Judgement,455,0.24048848854564261,0.14311955734934514,0.40410069870323206,7.374390247997545e-08,3.3154900285025396e-07,0.1376447080913894,0.7571541501976284
WATCHER,Wraith Form v2,335,2.7899772382429515,1.5724545206587002,4.950205482987873,0.0004529217884449893,0.0015767073544456444,0.16228438365298936,0.7706827961354226
WATCHER,Second Wind,333,2.6331642863680864,1.259914418799707,5.503194546824696,0.010044930329578651,0.02727358222737675,0.2350624074120654,0.8069194478420408
WATCHER,Meteor Strike,280,2.3993575676832433,1.2676377009621893,4.541452761486275,0.007178192389170492,0.02017227958099508,0.15141673396767374,0.7694051979766265
WATCHER,Scrawl,235544,2.0542866716828034,2.011283261776829,2.0982095409701023,0.0,0.0,0.10229617827565862,0.719424372677874
WATCHER,Vault,236511,1.9603457691681248,1.9200832597037552,2.0014525491401276,0.0,0.0,0.10219659823020688,0.7193771152064354
WATCHER,Master of Strategy+1,923,1.8383977203751667,1.366593256308531,2.4730885819017865,5.7218218997617106e-05,0.00021910631792018548,0.12922806114753582,0.7313895425586868
WATCHER,Scrawl+1,17142,1.8172491745874524,1.7001004318734634,1.942470280358455,4.261558065218672e-69,3.816500186633335e-68,0.08944795496747471,0.7175619923612967
WATCHER,Vault+1,17086,1.7395967422834497,1.624237645442041,1.8631490498052106,2.453185232265834e-56,1.9812816003136064e-55,0.08998358706256593,0.7002015193440146
WATCHER,Acrobatics,1082,1.6872497665620432,1.2028935173966853,2.3666365589239926,0.002445633612791719,0.007596856299315255,0.2152649693841292,0.8027025918635171
WATCHER,Master of Strategy,9535,1.680173817407164,1.488588435480854,1.8964167592694368,4.451979114995462e-17,2.435429954286926e-16,0.36047476427093206,0.8765174573620126
WATCHER,Finesse+1,1636,1.485630292241187,1.2019458982027227,1.8362701420462615,0.00025088855103118986,0.0009001994698550447,0.12166943187407475,0.7259831152120014
WATCHER,Deep Breath+1,1484,1.382270446401283,1.0888729500572412,1.75472408134848,0.007827690002184213,0.021704493751374704,0.12707338631854603,0.7346892803162423
WATCHER,Omniscience,231308,1.3475696759463314,1.3163036116759952,1.3795784007748286,6.482117079769216e-137,8.997988771354643e-136,0.0954446948895612,0.7085808240851711
WATCHER,Purity,12175,1.3251027867335756,1.1786906370510237,1.4897016572577373,2.452783350373282e-06,1.0317484509808824e-05,0.309476896836931,0.8533392254972593
WATCHER,Fasting2+1,63768,1.291441333091873,1.2365398228630773,1.3487804322843817,8.384463877172756e-31,5.290310872500196e-30,0.19209656498764072,0.7880576372619363
WATCHER,Thinking Ahead,9501,1.2891405911642928,1.1325278436907489,1.4674106893227261,0.00012144728002125262,0.00045257451162282225,0.3961205153919919,0.8970133706727617
WATCHER,Secret Technique,9504,1.2869734324898274,1.1386845028206574,1.4545737751166317,5.361819495613382e-05,0.00020603116089545537,0.37901826059945243,0.8885157511329547
WATCHER,Fasting2,310678,1.2850987677887522,1.2497198154715252,1.3214792808170834,2.0327719495095757e-69,1.8503223360085111e-68,0.10346562139583171,0.717762313144069
WATCHER,WheelKick,308379,1.2488491878178487,1.2199056721064756,1.278479418183387,5.186020879748393e-77,4.8805730397971104e-76,0.147407668217014,0.7578334531779215
WATCHER,Flash of Steel,10637,1.2443981823745343,1.1337260033593677,1.3658739692911441,4.204328464833997e-06,1.7421293881336395e-05,0.22426345340527476,0.799436035699099
WATCHER,Omniscience+1,16295,1.2416307497533674,1.1582145799383847,1.3310546641669132,1.064888919906481e-09,4.896725240398125e-09,0.07564540191186842,0.6846233744742692
WATCHER,InnerPeace+1,65132,1.239954588335351,1.1926289990072254,1.2891581392149054,2.417490001988435e-27,1.4873255663203085e-26,0.1857142369572583,0.7840710913891735
WATCHER,Finesse,12612,1.212456559455901,1.1031294967997547,1.3326186207805586,6.450055669085042e-05,0.00024530091851092254,0.3088721237369645,0.8505794343147144
WATCHER,EmptyMind+1,65213,1.2106914307719387,1.1629237330748117,1.2604212115174966,1.2900786677763701e-20,7.365719077458401e-20,0.18396776294813366,0.7824432709611475
WATCHER,TalkToTheHand,310154,1.191920958082664,1.1677130959235942,1.216630673472941,4.0475567448017907e-63,3.511571691486241e-62,0.10128839067164963,0.7141994116669006
WATCHER,Sanctity+1,64929,1.1845867209419572,1.1392682083551597,1.23170794123886,1.7204032681178155e-17,9.457959550717e-17,0.17852112434155243,0.7784640731483397
WATCHER,EmptyMind,310706,1.1728906073494358,1.1444416407257514,1.2020467692316241,4.070600292663952e-37,2.790371373458839e-36,-inf,0.7621498196371261
WATCHER,Wallop,309118,1.1651598090573836,1.141039029117609,1.1897904856878552,1.6000657385195846e-46,1.1767370878317873e-45,-inf,0.750424390351452
WATCHER,Adaptation+1,64084,1.1608370217407178,1.1198092887864257,1.2033679346455823,4.524790388380704e-16,2.4333073735093327e-15,-inf,0.7746628806688904
WATCHER,Violence,9159,1.1564115179628853,1.022825541274774,1.3074444711368163,0.020323745588147365,0.04960333950689593,0.36430348154379133,0.8815869596835917
WATCHER,Sanctity,310276,1.1468349369078608,1.1185650965732263,1.1758192496276914,5.397435669612574e-27,3.3023979675508334e-26,0.0979770200567246,0.7136811643678932
WATCHER,TalkToTheHand+1,65334,1.1343061314259173,1.092798958802219,1.177389847809414,3.4571529296246536e-11,1.6406702257898195e-10,0.18050272263951117,0.7788546180174447
WATCHER,CutThroughFate,885086,1.1322724993038185,1.1159962565643944,1.1487861228374472,1.8671957282096604e-63,1.626290867589669e-62,0.10018268794532703,0.7151874234403847
WATCHER,FearNoEvil,310172,1.105445276949405,1.08284739747539,1.1285147502582604,1.852594748620114e-21,1.0715137855951231e-20,0.0950840149857991,0.7083181191268588
WATCHER,CrushJoints,883382,0.8986353410115343,0.880387536784736,0.9172613677201225,1.773038756534259e-24,1.0614337138174096e-23,0.1019156878794919,0.7175859729405529
WATCHER,Evaluate+1,185681,0.8905140889674478,0.8699348631849314,0.9115801380188434,2.4664001343307937e-22,1.4339986121331655e-21,-inf,0.7776001911525917
WATCHER,Protect+1,185322,0.8876963818434626,0.8670473091463973,0.908837220328566,3.4042310475567685e-23,1.9949332867080693e-22,-inf,0.7793735555593464
WATCHER,BowlingBash,887155,0.8854755787118992,0.869307996990667,0.9019438486812754,2.7905660939103914e-38,1.949008583199679e-37,0.10328308460241664,0.7186074902795058
WATCHER,Vengeance+1,65027,0.8853645363165678,0.8454371750926016,0.9271775422948403,2.3235665942121768e-07,1.034196674498045e-06,0.18752549074091385,0.7844947697050059
WATCHER,Protect,885619,0.8820506985689154,0.8679863426745238,0.8963429452687253,7.210205714636852e-53,5.63868552542551e-52,0.10026643682204128,0.7159509456302369
WATCHER,LikeWater+1,63638,0.8739944852908098,0.8412061618178013,0.9080608238390377,5.074463072299164e-12,2.4661668454215413e-11,0.18285133701154,0.7886364179043972
WATCHER,Discovery,10082,0.8722681729772463,0.7860195188694338,0.9679807527978816,0.0100942049231128,0.027373906146805287,0.2395661561562974,0.8126960275825306
WATCHER,Blind,11161,0.8705780123706138,0.7796137976241706,0.9721558006449412,0.013836108158337931,0.03569105251994024,0.284065275512129,0.8377664210157242
WATCHER,DeceiveReality+1,64951,0.8702654891352194,0.8370615864618183,0.9047864981847532,2.5381644658345096e-12,1.2471821412872667e-11,0.1752799422022725,0.7760784751011014
WATCHER,ThirdEye,885640,0.8651933198657112,0.8502623673654367,0.8803864659560141,9.355752346142599e-60,7.782444180068431e-59,0.10194938799175246,0.7172555422200207
WATCHER,DeceiveReality,309778,0.8609117401101184,0.8407310604222501,0.8815768313438856,3.580990101522356e-35,2.381251202239866e-34,0.09717904597126115,0.7107371895968679
WATCHER,Evaluate,885818,0.84799900729871,0.8334048729725622,0.862848706193337,2.4387141841561416e-77,2.304844341706719e-76,0.10120346653260892,0.7170437634179342
WATCHER,Crescendo,885004,0.8462020486660549,0.8316109890106914,0.8610491162682585,5.380308594258953e-79,5.106694610191938e-78,0.10318118666953946,0.7189508739842791
WATCHER,Mayhem,9327,0.8388660720835354,0.7324747433525176,0.9607106501339004,0.01111015438861598,0.029551680116306697,0.3856902011049388,0.8938342762526765
WATCHER,Vengeance,309903,0.8377997762860684,0.8143349806056894,0.8619407023666327,2.7331393403801487e-34,1.795947477806009e-33,-inf,0.7598112287130531
WATCHER,Magnetism,8836,0.8374225654387345,0.7245432317155676,0.9678877980069107,0.0163148703506858,0.04134792403136695,0.37087990933223325,0.8891367329023546
WATCHER,SignatureMove,310068,0.8325471998655637,0.8093402919005791,0.8564195393958428,5.503538025150616e-37,3.761033216572159e-36,-inf,0.752695632876133
WATCHER,LessonLearned+1,16463,0.8322248742378037,0.7736015807636085,0.8952906231350725,8.317305009640452e-07,3.615016521802631e-06,0.08452407569859877,0.7217260949403558
WATCHER,SandsOfTime,310200,0.832223282702891,0.814117261472068,0.8507319830320768,3.4366452841835317e-60,2.869469615102114e-59,0.09808799591901707,0.7091332618527068
WATCHER,CrushJoints+1,186230,0.8315603388538065,0.8089901677297349,0.8547601994906684,1.9957310886760745e-39,1.4071488088728767e-38,-inf,0.7778489399104175
WATCHER,Indignation,310207,0.8308076052828862,0.8089869925006662,0.8532167802380526,2.0263002375721907e-42,1.4470780796295293e-41,0.14694781800108048,0.76043178138482
WATCHER,FlurryOfBlows+1,186178,0.8307042449408767,0.8128128325959892,0.8489894781296999,1.3848360938872002e-62,1.1967785854176933e-61,-inf,0.7774616591953765
WATCHER,DeusExMachina+1,17058,0.8301784792761208,0.7760320259778497,0.8881029189288692,6.360128830213176e-08,2.865283191055469e-07,0.08654771713635967,0.6967200346939937
WATCHER,JustLucky+1,185201,0.8299878056146343,0.8064320693039244,0.8542316007640987,7.130137871683173e-37,4.857679819941204e-36,0.17928425625912292,0.7797873893335339
WATCHER,Crescendo+1,186355,0.8241011971487202,0.8047244781819762,0.8439444823105976,3.547404466321881e-57,2.8966122498900358e-56,-inf,0.750322050831749
WATCHER,Collect+1,65033,0.8207356605273245,0.7855159639556539,0.8575344809914669,1.0655669206058926e-18,5.976323562287089e-18,0.09056328718561912,0.7063837979429133
WATCHER,Blasphemy+1,14600,0.8201127882567916,0.7507194456252608,0.895920559113991,1.1004972291657649e-05,4.411921202124845e-05,0.08406354172607378,0.716350676930767
WATCHER,Pray+1,65466,0.8194604958109514,0.7863958734058591,0.8539153458250167,2.6610899317258197e-21,1.5351378541202716e-20,0.18267409542096613,0.7824556813622767
WATCHER,Study,311079,0.8163753795951627,0.7936206146965873,0.839782571252823,6.110034259099493e-45,4.434766695901952e-44,0.10612110638928718,0.7219544591859729
WATCHER,DevaForm,238849,0.8158465398342843,0.7988297553533966,0.8332258182660149,7.096545800179317e-80,6.793719061292356e-79,0.09685506523442255,0.7132061416877882
WATCHER,Weave,309073,0.8153928746841007,0.7902233927270899,0.8413640322531155,2.8357116195296064e-37,1.9498809619118438e-36,0.147139905750026,0.7591491296989542
WATCHER,Weave+1,65431,0.8150787975087259,0.777547602479646,0.8544215737140821,1.8733730686607394e-17,1.0273485396285191e-16,0.17333452069316657,0.7752940208455013
WATCHER,Perseverance+1,65424,0.8139106487987267,0.7832636999179967,0.8457567282861684,7.393056492804642e-26,4.461950671336715e-25,0.17969305994010176,0.7792373456843826
WATCHER,Forethought,11242,0.8133472961225026,0.6997688992688282,0.9453604251360794,0.007099048661304651,0.020034291075930914,0.29398453353468856,0.8446570946146975
WATCHER,PanicButton,9065,0.8128702353259253,0.6922610117352518,0.9544926094025433,0.011460311867598372,0.03030161030706665,0.21037227904995492,0.7943831054277093
WATCHER,EmptyFist,887717,0.8095926593840801,0.796793226061574,0.8225976987383883,8.702104210536801e-149,1.279958506728625e-147,0.10126233688992659,0.7146756238367593
WATCHER,Worship+1,64867,0.801099131516626,0.7696030373591517,0.8338842070047621,2.3039594843028302e-27,1.4214150040657182e-26,0.1830790313299796,0.7823234854887389
WATCHER,SashWhip+1,185659,0.7936772266358629,0.7720490972333791,0.8159112449424679,2.1615163248728984e-60,1.825371770928786e-59,-inf,0.779692999650516
WATCHER,SashWhip,885325,0.787703614351125,0.7713203529507494,0.8044348650831528,1.0583654667204464e-109,1.257021230794712e-108,0.10252969441844462,0.7178029044572862
WATCHER,EmptyBody,884810,0.7876591975355652,0.7747317669034124,0.8008023395531141,8.176894017985544e-176,1.429990678263456e-174,0.10112017600578738,0.7165628323647076
WATCHER,Bandage Up,10936,0.7868110254142013,0.713807321506659,0.8672810870118985,1.392799988629529e-06,5.960325192189179e-06,0.24876378436214897,0.8160462411889473
WATCHER,DevaForm+1,14808,0.7836167974406932,0.7252163520567421,0.8467201318471701,6.806151366914029e-10,3.136195474256444e-09,0.10769212691202257,0.7219436027431759
WATCHER,WaveOfTheHand,309425,0.7794362157497311,0.7567429895093515,0.8028099669825273,2.2595477491377253e-61,1.9376276258049762e-60,0.15073619425888607,0.762381791691236
WATCHER,LikeWater,312493,0.7735407034177654,0.7565777303921128,0.79088399751594,4.7338627050833546e-114,5.776873114280291e-113,0.10298911340858785,0.7173258422171819
WATCHER,ForeignInfluence+1,54716,0.7730559671321195,0.7415989266690557,0.8058473479766337,6.163318218340959e-34,4.0142902530601966e-33,0.17606463803419592,0.7761820981576839
WATCHER,EmptyBody+1,185729,0.7703516627492715,0.7518280492457073,0.7893316628662025,5.321657284747371e-98,5.851188529417778e-97,-inf,0.7772822148318008
WATCHER,Devotion+1,13645,0.7672518361855292,0.7090786339282167,0.8301976000445396,4.527615883732559e-11,2.1395393356957476e-10,0.10000157086538775,0.726830616121271
WATCHER,Prostrate+1,172026,0.7632204639247366,0.7452559523836215,0.7816180128322473,1.6078227189020978e-109,1.899454392915723e-108,0.1792223056459683,0.7790743786022489
WATCHER,MasterReality,232656,0.7612640236877317,0.7422412303681504,0.780774349430566,4.527383531596492e-99,5.027659411837904e-98,0.09468013340667603,0.7104398136886906
WATCHER,Nirvana+1,63223,0.761241558118659,0.7260042650991498,0.7981891259657866,1.6187485440328692e-29,1.0070701726322136e-28,0.0972601229009824,0.7127699473273025
WATCHER,Sadistic Nature,8556,0.7609623300382994,0.6316136849711472,0.9168003821256184,0.004055640730702416,0.012026138935767778,0.36517191787545134,0.8859498053939812
WATCHER,Enlightenment,9663,0.7607631313839903,0.6868315072301183,0.842652871891715,1.5873041866790507e-07,7.107666529464056e-07,0.21747010287450808,0.7990620412249996
WATCHER,BattleHymn,310641,0.7592717523692953,0.742975339820992,0.7759256102427807,1.3026467200557166e-136,1.785912571138115e-135,0.09878811122964248,0.7106093115593752
WATCHER,SignatureMove+1,65364,0.7549626237724125,0.720456596662953,0.7911213054795171,5.185806409622685e-32,3.3096770217735585e-31,-inf,0.7682085733588921
WATCHER,Perseverance,309543,0.7546808962467016,0.7368865601792648,0.7729049299273014,2.9577798862244374e-118,3.732516549604815e-117,0.10142326235965804,0.7157214571172611
WATCHER,Indignation+1,65412,0.7534656824513044,0.7226382759611137,0.7856081714973526,2.982925457106527e-40,2.109897273959744e-39,0.18594037562523047,0.7841126701337352
WATCHER,ForeignInfluence,262009,0.7519839791008699,0.7312260672178069,0.7733311627906458,1.2796708657420373e-88,1.303738070097736e-87,0.14072182304076875,0.7552035244175386
WATCHER,EmptyFist+1,186354,0.7519251546866036,0.7324427354339853,0.7719257914620019,1.493878579922885e-100,1.6842153939130598e-99,0.17512142100525363,0.7769786113058493
WATCHER,Mind Blast,9886,0.7518167098307643,0.6654305326298549,0.8494175386676516,4.635644529499305e-06,1.917274953448409e-05,0.24070153024887264,0.8116677001028726
WATCHER,HandOfGreed,9383,0.7494491670534994,0.6346870185683973,0.8849622531497467,0.0006711292550496658,0.002272222676014188,0.4029779072850468,0.8991587904283587
WATCHER,Halt,887227,0.7486714617133245,0.7362242300044742,0.7613291368861355,5.342422819166321e-251,1.4125620334962379e-249,0.10226468748615414,0.7176292413816115
WATCHER,SandsOfTime+1,65933,0.7475918604867378,0.7196165217829096,0.7766547500623204,1.5723901169428038e-50,1.1878498128333223e-49,0.17983262804426703,0.7792486126111814
WATCHER,JustLucky,885367,0.7455753367058489,0.7307033016921929,0.7607500628732675,2.1190266102509534e-179,3.7650864810938944e-178,0.10338548552109994,0.7182734274604918
WATCHER,Jack Of All Trades,10206,0.7397838155726583,0.6528337152754636,0.8383146902152805,2.307063873582046e-06,9.77860470081245e-06,0.2533077530613882,0.8212252496395287
WATCHER,MasterReality+1,14519,0.7370805959064515,0.6796802693542616,0.7993284921717188,1.6470297443222656e-13,8.351719319953771e-13,0.11495199364204445,0.7470048235245642
WATCHER,Conclude,311719,0.7323571955143334,0.7141543601587426,0.751023996692256,5.7257357029320465e-130,7.660758431453057e-129,0.10104995311650244,0.7130813603311044
WATCHER,Chrysalis,8014,0.7317206316066049,0.6339529949468268,0.8445659015518607,1.9677821544414087e-05,7.790453057066611e-05,0.35655825195953383,0.8794632325993824
WATCHER,Devotion,215727,0.7312284363147994,0.7153835293136258,0.7474242894414962,1.3804413752604628e-172,2.305233304100367e-171,0.0937383453092252,0.7086284023939217
WATCHER,Halt+1,184981,0.7290518981463204,0.7115692165857457,0.7469641150878875,1.2573787071112205e-143,1.8134013691519616e-142,-inf,0.7762459188700681
WATCHER,Metamorphosis,8622,0.7265704131195434,0.6304144079978815,0.8373929252303478,1.0331462964134456e-05,4.156916529591055e-05,0.37828923427283423,0.8932631217962602
WATCHER,Good Instincts+1,1448,0.7241009195683936,0.5528639744644124,0.9483745838707087,0.01902720025427441,0.04700713210761231,0.13551671516919006,0.73746744884819
WATCHER,Collect,309289,0.7208327831067134,0.6982038902896924,0.7441950817343375,5.446936104404448e-90,5.626811668782456e-89,0.1042718534621977,0.7190764865640632
WATCHER,WindmillStrike+1,65238,0.7106272881193549,0.6824161833348585,0.7400046407927459,2.292205655812801e-61,1.958072600600089e-60,0.18593343756831227,0.7843332214405669
WATCHER,Swivel+1,64812,0.7091603921650187,0.6796721510192058,0.739928009499145,1.2011943506568627e-56,9.736688513901066e-56,0.18587344810741857,0.7832611317702067
WATCHER,ConjureBlade+1,16033,0.7080528792993808,0.6547083564585423,0.7657438230909298,5.691194887460465e-18,3.1521555723315946e-17,0.08380579946395106,0.6925992457810124
WATCHER,Swivel,309626,0.7045681845589569,0.6844868557161584,0.7252386551284737,1.560107385817839e-124,2.026314914562234e-123,-inf,0.7619178001605967
WATCHER,BattleHymn+1,63522,0.7001402907231312,0.6729013444877123,0.7284818654465062,2.1804266151089443e-69,1.976623474349782e-68,0.19123989233463934,0.7878300619147499
WATCHER,Worship,310061,0.6990727651507774,0.6813819392593148,0.7172229007225969,5.464448735683488e-165,8.546859607009174e-164,-inf,0.745549895349157
WATCHER,Enlightenment+1,1545,0.6956234138615143,0.5500780416349288,0.8796786951795705,0.0024429364632367018,0.007596856299315255,0.14517103685120025,0.7423821135211824
WATCHER,ConjureBlade,230110,0.694981301282323,0.6761660061668929,0.7143201591427772,7.45735654335602e-149,1.1041859255195813e-147,0.09528611660733832,0.7105817688064879
WATCHER,Nirvana,310802,0.6945740936663148,0.6719475684603826,0.717962523025078,3.539776388525245e-103,4.0317145430331126e-102,0.10410098229475429,0.7203240649356797
WATCHER,FlyingSleeves+1,186044,0.694154692512981,0.6737025839258697,0.7152276815236488,1.680007821693773e-126,2.2078682674448937e-125,-inf,0.7806862472289422
WATCHER,Establishment,234784,0.6930800003018169,0.6772396695464957,0.7092908292569939,4.697682086100319e-212,1.0129662051678456e-210,0.09845102492860502,0.715560304285179
WATCHER,BowlingBash+1,185734,0.6842414546393638,0.6637360990893595,0.7053802993227889,6.026150102953404e-132,8.161024011377749e-131,0.18356137629755753,0.7824461726695505
WATCHER,FlyingSleeves,883454,0.6826208812482615,0.6674701999079595,0.6981154628032952,9.690006626712108e-244,2.3912783019919547e-242,-inf,0.761639691962706
WATCHER,CarveReality+1,65212,0.6779858840540315,0.6493843150452123,0.7078471843665076,6.879247913644107e-70,6.287575973746321e-69,0.18520997776360204,0.7835539510168221
WATCHER,Dark Shackles+1,1621,0.676962182954279,0.5450827231562922,0.8407490784088201,0.00041710416738255656,0.001458879300404186,0.14001749799951646,0.7405845351942006
WATCHER,WindmillStrike,309394,0.6722153909963078,0.655121839151736,0.6897549507392599,1.2090792484366168e-200,2.376429213077633e-199,0.1476897562061209,0.7596660460770207
WATCHER,FollowUp+1,185692,0.6645058762369052,0.6487952914754124,0.6805968929725368,9.402404836066184e-246,2.400315073667011e-244,-inf,0.7808615797270564
WATCHER,Pray,310016,0.6643628846604364,0.6468431259030999,0.6823571664274851,1.3137518092134916e-197,2.5595112002308463e-196,-inf,0.7680657680475137
WATCHER,ReachHeaven+1,65472,0.6601950918027618,0.6338134244227193,0.6876748621054193,1.332469648882096e-88,1.3513310914005185e-87,0.18100493111003257,0.7809451907556658
WATCHER,Prostrate,818350,0.6573148687336684,0.6475975010002065,0.6671780480793145,0.0,0.0,0.10288558299256778,0.7186214694709716
WATCHER,Dramatic Entrance,12269,0.6538850975734082,0.5855821043513931,0.730155033173647,4.449518114315344e-14,2.287587900901477e-13,0.32008760383005397,0.8576731503792463
WATCHER,FollowUp,886763,0.6473508186110813,0.6374901776519606,0.6573639830812039,0.0,0.0,0.15129049482644275,0.7606511676289016
WATCHER,Trip+1,1542,0.6458464062478073,0.5142856246582959,0.8110621033600756,0.00016866566715264183,0.0006202093489172476,0.12821587597527795,0.7313186748477819
WATCHER,ReachHeaven,309517,0.6442982190591874,0.6287680768911135,0.6602119451346269,3.830043097130104e-273,1.1652774957158848e-271,0.14787249169681704,0.7606845489432265
WATCHER,Swift Strike+1,1414,0.6392688867239114,0.48807642740659596,0.8372965514943577,0.0011551908309174565,0.003789776714132453,0.1444840779689286,0.7478532656383319
WATCHER,Judgement,233461,0.6371974584764585,0.6222089811218527,0.6525469953146552,2.0704924639306907e-301,6.86352800356726e-300,0.09332155451408297,0.7055469258950229
WATCHER,WreathOfFlame+1,65068,0.6330484199801515,0.6007484131674543,0.6670850779719996,1.2298272225663512e-65,1.0882256021194685e-64,0.18936799474601473,0.7872866684921652
WATCHER,Shrug It Off+1,637,0.6298823744976638,0.4380207120843593,0.9057832078643898,0.012636036595053381,0.032939715114569904,0.18289516377554071,0.7772513775645066
WATCHER,Establishment+1,14574,0.6248995912483404,0.5764840298525571,0.677381295787531,3.0679746875584434e-30,1.9194286707231837e-29,0.10913483123645928,0.7240244520386969
WATCHER,Conclude+1,65716,0.6202145085583759,0.5920049254524722,0.6497683044314294,5.713221984618673e-90,5.874567605480589e-89,0.18863944771133545,0.7862443183906604
WATCHER,Judgement+1,16455,0.6127670735919843,0.5690072436759582,0.6598922784405131,2.172863290569442e-38,1.5223751950645837e-37,0.08429739506353362,0.69356578585414
WATCHER,Consecrate+1,185247,0.6119242985691306,0.5967144852585679,0.6275217988332653,0.0,0.0,0.18026604773051447,0.7828821169616477
WATCHER,Consecrate,887893,0.6033622636194416,0.593848520449437,0.613028421598927,0.0,0.0,0.1508603291808589,0.7624278036925906
WATCHER,Swift Strike,9755,0.5973263552065893,0.5156357154949545,0.6919590010980916,6.534498158197979e-12,3.1618998713197625e-11,0.2529949833927768,0.8196633461640431
WATCHER,Sweeping Beam+1,650,0.5967587130685273,0.39128134948389676,0.9101403940998756,0.01652176063999128,0.041746109648942695,0.20151475734516855,0.7884942084942086
WATCHER,Sweeping Beam,1135,0.5965462120924397,0.3992583865079894,0.8913209970974947,0.01168461527187114,0.030660621441385493,0.20714779786565762,0.8004734534335292
WATCHER,Forethought+1,1421,0.5914393053169533,0.41998760600527724,0.8328827967113985,0.00263921595181941,0.008152571111253002,0.14866081689307498,0.7497582801483345
WATCHER,Good Instincts,10227,0.5903034103782794,0.5126289095180964,0.6797472983562319,2.428457187385708e-13,1.2258189575417404e-12,0.25895671040456036,0.8243411649294998
WATCHER,Magnetism+1,626,0.5894172810051879,0.4148589299812874,0.8374237747834402,0.0031762713855344486,0.00965047708245145,0.12556975249500268,0.7339597521634493
WATCHER,PathToVictory+1,185336,0.5883201245456071,0.5719826071624516,0.6051242898143845,2.311985244234099e-298,7.335598896348477e-297,-inf,0.7853987701727082
WATCHER,Outmaneuver+1,630,0.5840853301907691,0.3816149611456161,0.8939787683373404,0.013284908183970181,0.03445279231118257,0.2209390578617625,0.7978495735332127
WATCHER,Alpha,191295,0.5706013988295762,0.5555710196010981,0.5860384088789241,0.0,0.0,0.09771661281756716,0.7137407754733274
WATCHER,Dodge and Roll+1,568,0.551579693358348,0.3364108660281261,0.9043707824225059,0.018353952864819743,0.04549568003656769,0.15929971347816785,0.7574949235057449
WATCHER,WreathOfFlame,309979,0.5490267840834421,0.5266273580365789,0.5723789412779986,3.982418761402657e-175,6.9101188039650785e-174,-inf,0.7460344693542423
WATCHER,Alpha+1,13644,0.5357472002331848,0.4938821074271524,0.5811610873148152,4.4376930510721374e-51,3.386981534856088e-50,0.09781675550301738,0.7216920886454313
WATCHER,PathToVictory,887886,0.5269310416023656,0.517541081838686,0.5364913672509144,0.0,0.0,0.10652058453600433,0.7229969590494737
WATCHER,Dagger Spray+1,649,0.5198876884511682,0.34779849846431576,0.7771258639600769,0.0014258033780727695,0.004629691963011142,0.2039759358159099,0.7924528301886792
WATCHER,Go for the Eyes+1,621,0.5193998545264146,0.327184763461973,0.8245378116863786,0.005466337408800036,0.015746738501874035,0.20133737261967044,0.7909335630451169
WATCHER,Ball Lightning,1162,0.5119938437707939,0.30489336053497434,0.8597684633054589,0.011365132058548418,0.030157656274833973,0.2529573643388102,0.8272661374445289
WATCHER,Gash,1165,0.4997963990988316,0.2797067704162012,0.8930654062483495,0.01918897013500712,0.047249116041963204,0.21741605716130585,0.8049169317780135
WATCHER,The Bomb,8395,0.4996390415483039,0.43201950837314107,0.577842358969797,8.5803356648498e-21,4.9115787401111875e-20,0.3714186179110619,0.887831063700485
WATCHER,Conserve Battery,1120,0.49958007484922856,0.35274783646180424,0.7075316285132921,9.289762481187286e-05,0.00034852301470805676,0.20913423336357784,0.8012516285129351
WATCHER,Headbutt+1,629,0.4995320922398079,0.3115226600189835,0.8010085403170158,0.003964928568015001,0.011788629651353837,0.20594509835642372,0.7922354505599535
WATCHER,Anger+1,604,0.48845779459443533,0.2962416382949043,0.8053932542141347,0.004981909027608891,0.014533318265593103,0.227401405580122,0.80712890625
WATCHER,The Bomb+1,801,0.4828876652196555,0.3459487138441012,0.6740319818803283,1.8829539891899513e-05,7.48128946331106e-05,0.15039988296617524,0.7453532757846414
WATCHER,Gash+1,603,0.4770847662888432,0.25889791429700104,0.8791491227069985,0.017646430208855916,0.043987341743960705,0.23290980184488963,0.8074814430431154
WATCHER,Infernal Blade,336,0.47347506565131725,0.2520477380294368,0.8894292785414214,0.020113457099702123,0.04919822491017446,0.1934322524607558,0.798443819236856
WATCHER,Deflect,1081,0.46423961009866466,0.24817575990872098,0.8684104187444731,0.016326938034898163,0.04134792403136695,0.20307490480843926,0.8013965398519539
WATCHER,Battle Trance+1,224,0.45510407473139614,0.23564117230899773,0.8789623511358314,0.019071751204674695,0.04701582838748763,0.1667038469613914,0.7548291826309067
WATCHER,BootSequence+1,233,0.45260801993499905,0.2434152563238029,0.841582498990834,0.01224655292695485,0.03199952241266673,0.1870286215403565,0.7784762760065859
WATCHER,Armaments+1,664,0.44297978629156043,0.29940258824031324,0.6554087999580455,4.624532225438963e-05,0.000178008424136914,0.2574938513613575,0.8208920708920708
WATCHER,Poisoned Stab,1116,0.43356024806237486,0.23374217333622072,0.8041958625477513,0.008018843863343528,0.0222067982799077,0.2034900517913163,0.7975141224739595
WATCHER,Streamline+1,589,0.43223517221040797,0.2708810861557847,0.6897020635405898,0.00043458993300390453,0.0015152656847749952,0.26417729578126303,0.8314794751414469
WATCHER,Steam,1070,0.41481740341645945,0.20148848703066355,0.8540114659304909,0.016926574485459776,0.04257522302628105,0.2072549352298717,0.799813075317387
WATCHER,Cold Snap,1121,0.4120879449426905,0.23875651880228668,0.7112537710759399,0.0014549332444736343,0.004703648815103263,0.15780377550087044,0.7942718735559263
WATCHER,Go for the Eyes,1095,0.41019913471385944,0.24698207900102498,0.6812774870167836,0.0005760470697247313,0.0019743835522509695,0.19997900287661352,0.7975894206759476
WATCHER,Envenom,318,0.40854022891480063,0.22252554341575276,0.7500492576257759,0.003879212705255117,0.011553894250644863,0.1467720440960415,0.762300290486565
WATCHER,Backstab,369,0.4011809914888499,0.21226156001008303,0.7582446295237406,0.004923017527351416,0.014424831039904346,0.23640755519568124,0.8156864193882074
WATCHER,Flying Knee,1127,0.3931069454373674,0.23907906043939822,0.646368068650949,0.00023332790016778935,0.000841268289403669,0.21633862634883305,0.8106695135449129
WATCHER,Cleave+1,669,0.3771222519525496,0.24694677272424043,0.5759184108738173,6.353335849160629e-06,2.598666467953178e-05,0.20225647358342203,0.787473223603508
WATCHER,Flame Barrier+1,207,0.3765195793652163,0.18491356709042786,0.7666662640066395,0.007095538350510807,0.020034291075930914,0.2824613129234116,0.8422932330827068
WATCHER,Dagger Throw+1,620,0.3751220603997394,0.22401879550735448,0.6281462226410642,0.00019317183820164973,0.0007021843742158167,0.203031787217284,0.7865504682622269
WATCHER,Slice+1,650,0.36339785854020573,0.20816945127292985,0.6343774400330567,0.0003694679711460523,0.0013066693692920098,0.22440436756679305,0.8049775246066805
WATCHER,Stack+1,644,0.3522124656220057,0.21526074217788985,0.5762946819026369,3.270104477778993e-05,0.00012764326968624156,0.2122522593014996,0.7925822671379499
WATCHER,Finisher,341,0.33681408693710563,0.14764774606688663,0.768340406008531,0.00970281509621053,0.026441659298998266,0.20647775695095516,0.8088939279415469
WATCHER,Cleave,1178,0.3261708452985384,0.19976213643056076,0.5325704972110384,7.514589806671906e-06,3.05675896714621e-05,0.22830250482590453,0.814235044610209
WATCHER,Anger,1158,0.32195591070341134,0.1921939244756917,0.5393282265276451,1.6652503886002326e-05,6.628174037779779e-05,0.2112214184354726,0.8087242690930787
WATCHER,Noxious Fumes,355,0.317967565884535,0.1740375898670202,0.5809283674394011,0.00019433799199494769,0.0007052690853280699,0.270068512804017,0.8410018552875697
WATCHER,Chill,335,0.31506669447386393,0.13322943082851632,0.7450832848971392,0.008537618125421588,0.02355534143672217,0.18530401679644803,0.7884480199953137
WATCHER,Deadly Poison+1,619,0.31396410296695676,0.15289638353652232,0.6447075834746582,0.0016012193595395488,0.005139173695863205,0.2068083661041097,0.7956699417441963
WATCHER,Leap,1110,0.31370216343125973,0.18168301641097515,0.5416524300700023,3.179991904501058e-05,0.00012456370405461816,0.21078565536132976,0.8040112299980722
WATCHER,Deadly Poison,1156,0.31140368785349065,0.14260917476889987,0.6799861016368626,0.0034128258193232043,0.01027084843457566,0.1892008587173858,0.7923185963786139
WATCHER,Chaos,355,0.30795759450276294,0.1164347903692623,0.8145149719526137,0.017625631940415238,0.04398486352771038,0.2556433920896176,0.8218679478779937
WATCHER,Underhanded Strike+1,602,0.2887053914935161,0.10719208055553828,0.7775835924206989,0.013986625810199075,0.036037466269666064,0.20136737654319425,0.7902761635951077
WATCHER,Reinforced Body,313,0.2830658245894337,0.12494786606339449,0.6412775469878179,0.0024880416829751503,0.007707030094683136,0.2706975187835773,0.8305181863477826
WATCHER,Genetic Algorithm,350,0.2632691464696253,0.10297703845642009,0.6730689144083059,0.0053259729862815955,0.015382296492238521,0.2406424042178099,0.8175600885515496
WATCHER,Glacier+1,217,0.18076758805764917,0.06770784159143003,0.48261649055898953,0.0006401173921240233,0.0021771833505474054,0.3493644066268652,0.8685045446750129
